"product_id","brand_name","gender_category","category_name","title","price","sale_price","product_link","image_link","image_link2","rating","status","datee","detail","brand_id","category_id","gender_id","overview"
"1","khaadi","female","kameezshalwar_stitched","Kurta","3490","1745","https://pk.khaadi.com/ctp20208-off-white-ctp20208-off-white-pk.html","https://pk.khaadi.com/media/catalog/product/c/t/ctp20208_off-white_1_7.jpg?width=300&height=&canvas=300:&quality=80&bg-color=255,255,255&fit=bounds","https://pk.khaadi.com/media/catalog/product/c/t/ctp20208_off-white_3_7.jpg?width=300&height=&canvas=300:&quality=80&bg-color=255,255,255&fit=bounds","5","avb","2021-10-23",NULL,"1","4","1","khaadi female kameezshalwar_stitched Kurta female"
"2","khaadi","female","kameezshalwar_stitched","Kurta","4490","2245","https://pk.khaadi.com/etp20312-red-etp20312-red-pk.html","https://pk.khaadi.com/media/catalog/product/e/t/etp20312_red_1_1.jpg?width=300&height=&canvas=300:&quality=80&bg-color=255,255,255&fit=bounds","https://pk.khaadi.com/media/catalog/product/e/t/etp20312_red_2_1.jpg?width=300&height=&canvas=300:&quality=80&bg-color=255,255,255&fit=bounds","5","avb","2021-10-23",NULL,"1","4","1","khaadi female kameezshalwar_stitched Kurta female"
"3","khaadi","female","kameezshalwar_stitched","Dupatta","990","690","https://pk.khaadi.com/ckde20132s-green-ckde20132s-green-pk.html","https://pk.khaadi.com/media/catalog/product/c/k/ckde20132s_green_1_13.jpg?width=300&height=&canvas=300:&quality=80&bg-color=255,255,255&fit=bounds","https://pk.khaadi.com/media/catalog/product/c/k/ckde20132s_green_2_13.jpg?width=300&height=&canvas=300:&quality=80&bg-color=255,255,255&fit=bounds","5","avb","2021-10-23",NULL,"1","4","1","khaadi female kameezshalwar_stitched Dupatta female"
"4","khaadi","female","kameezshalwar_stitched","Dupatta","1190","830","https://pk.khaadi.com/eekdpe21201s-grey-eekdpe21201s-grey-pk.html","https://pk.khaadi.com/media/catalog/product/e/e/eekdpe21201s_grey_1_4.jpg?width=300&height=&canvas=300:&quality=80&bg-color=255,255,255&fit=bounds","https://pk.khaadi.com/media/catalog/product/e/e/eekdpe21201s_grey_2_4.jpg?width=300&height=&canvas=300:&quality=80&bg-color=255,255,255&fit=bounds","5","avb","2021-10-23",NULL,"1","4","1","khaadi female kameezshalwar_stitched Dupatta female"
"5","khaadi","female","kameezshalwar_stitched","Pants","1490","1040","https://pk.khaadi.com/eepe21105-blue-eepe21105-blue-pk.html","https://pk.khaadi.com/media/catalog/product/e/e/eepe21105_blue_1.jpg?width=300&height=&canvas=300:&quality=80&bg-color=255,255,255&fit=bounds","https://pk.khaadi.com/media/catalog/product/e/e/eepe21105_blue_2.jpg?width=300&height=&canvas=300:&quality=80&bg-color=255,255,255&fit=bounds","5","avb","2021-10-23",NULL,"1","4","1","khaadi female kameezshalwar_stitched Pants female"
"6","khaadi","female","kameezshalwar_stitched","Shalwar","1390","970","https://pk.khaadi.com/eete21316b-yellow-eete21316b-yellow-pk.html","https://pk.khaadi.com/media/catalog/product/e/e/eete21316b_yellow_1.jpg?width=300&height=&canvas=300:&quality=80&bg-color=255,255,255&fit=bounds","https://pk.khaadi.com/media/catalog/product/e/e/eete21316b_yellow_2.jpg?width=300&height=&canvas=300:&quality=80&bg-color=255,255,255&fit=bounds","5","avb","2021-10-23",NULL,"1","4","1","khaadi female kameezshalwar_stitched Shalwar female"
"7","khaadi","female","kameezshalwar_stitched","Kurta","2290","1600","https://pk.khaadi.com/eete21319-blue-eete21319-blue-pk.html","https://pk.khaadi.com/media/catalog/product/e/e/eete21319_blue_1_1.jpg?width=300&height=&canvas=300:&quality=80&bg-color=255,255,255&fit=bounds","https://pk.khaadi.com/media/catalog/product/e/e/eete21319_blue_2_1.jpg?width=300&height=&canvas=300:&quality=80&bg-color=255,255,255&fit=bounds","5","avb","2021-10-23",NULL,"1","4","1","khaadi female kameezshalwar_stitched Kurta female"
"8","khaadi","female","kameezshalwar_stitched","Dupatta","1290","900","https://pk.khaadi.com/eskde21207s-purple-eskde21207s-purple-pk.html","https://pk.khaadi.com/media/catalog/product/e/s/eskde21207s_purple_1_1.jpg?width=300&height=&canvas=300:&quality=80&bg-color=255,255,255&fit=bounds","https://pk.khaadi.com/media/catalog/product/e/s/eskde21207s_purple_2_1.jpg?width=300&height=&canvas=300:&quality=80&bg-color=255,255,255&fit=bounds","5","avb","2021-10-23",NULL,"1","4","1","khaadi female kameezshalwar_stitched Dupatta female"
"9","khaadi","female","kameezshalwar_stitched","Pants","1490","1040","https://pk.khaadi.com/espe21105-blue-espe21105-blue-pk.html","https://pk.khaadi.com/media/catalog/product/e/s/espe21105_blue_1_2.jpg?width=300&height=&canvas=300:&quality=80&bg-color=255,255,255&fit=bounds","https://pk.khaadi.com/media/catalog/product/e/s/espe21105_blue_2_2.jpg?width=300&height=&canvas=300:&quality=80&bg-color=255,255,255&fit=bounds","5","avb","2021-10-23",NULL,"1","4","1","khaadi female kameezshalwar_stitched Pants female"
"10","khaadi","female","kameezshalwar_stitched","Pants","2190","1530","https://pk.khaadi.com/espe21109-beige-espe21109-beige-pk.html","https://pk.khaadi.com/media/catalog/product/e/s/espe21109_beige_1.jpg?width=300&height=&canvas=300:&quality=80&bg-color=255,255,255&fit=bounds","https://pk.khaadi.com/media/catalog/product/e/s/espe21109_beige_2.jpg?width=300&height=&canvas=300:&quality=80&bg-color=255,255,255&fit=bounds","5","avb","2021-10-23",NULL,"1","4","1","khaadi female kameezshalwar_stitched Pants female"
"11","khaadi","female","kameezshalwar_stitched","Pants","2290","1600","https://pk.khaadi.com/espe21304-beige-espe21304-beige-pk.html","https://pk.khaadi.com/media/catalog/product/e/s/espe21304_beige_1.jpg?width=300&height=&canvas=300:&quality=80&bg-color=255,255,255&fit=bounds","https://pk.khaadi.com/media/catalog/product/e/s/espe21304_beige_2.jpg?width=300&height=&canvas=300:&quality=80&bg-color=255,255,255&fit=bounds","5","avb","2021-10-23",NULL,"1","4","1","khaadi female kameezshalwar_stitched Pants female"
"12","khaadi","female","kameezshalwar_stitched","Kurta","5490","3840","https://pk.khaadi.com/este21201-off-white-este21201-off-white-pk.html","https://pk.khaadi.com/media/catalog/product/e/s/este21201_off-white_1.jpg?width=300&height=&canvas=300:&quality=80&bg-color=255,255,255&fit=bounds","https://pk.khaadi.com/media/catalog/product/e/s/este21201_off-white_2.jpg?width=300&height=&canvas=300:&quality=80&bg-color=255,255,255&fit=bounds","5","avb","2021-10-23",NULL,"1","4","1","khaadi female kameezshalwar_stitched Kurta female"
"13","khaadi","female","kameezshalwar_stitched","Kurta","4690","3280","https://pk.khaadi.com/estp21205-black-estp21205-black-pk.html","https://pk.khaadi.com/media/catalog/product/e/s/estp21205_black_1.jpg?width=300&height=&canvas=300:&quality=80&bg-color=255,255,255&fit=bounds","https://pk.khaadi.com/media/catalog/product/e/s/estp21205_black_2.jpg?width=300&height=&canvas=300:&quality=80&bg-color=255,255,255&fit=bounds","5","avb","2021-10-23",NULL,"1","4","1","khaadi female kameezshalwar_stitched Kurta female"
"14","khaadi","female","kameezshalwar_stitched","Kurta","2390","1670","https://pk.khaadi.com/estp21211-off-white-estp21211-off-white-pk.html","https://pk.khaadi.com/media/catalog/product/e/s/estp21211_off-white_1_6.jpg?width=300&height=&canvas=300:&quality=80&bg-color=255,255,255&fit=bounds","https://pk.khaadi.com/media/catalog/product/e/s/estp21211_off-white_2_6.jpg?width=300&height=&canvas=300:&quality=80&bg-color=255,255,255&fit=bounds","5","avb","2021-10-23",NULL,"1","4","1","khaadi female kameezshalwar_stitched Kurta female"
"15","khaadi","female","kameezshalwar_unstitched","Kameez Pants","2090","1460","https://pk.khaadi.com/i21108-pink-i21108-pink-pk.html","https://pk.khaadi.com/media/catalog/product/i/2/i21108_pink_1_5.jpg?width=300&height=&canvas=300:&quality=80&bg-color=255,255,255&fit=bounds","https://pk.khaadi.com/media/catalog/product/i/2/i21108_pink_2_5.jpg?width=300&height=&canvas=300:&quality=80&bg-color=255,255,255&fit=bounds","5","avb","2021-10-23",NULL,"1","5","1","khaadi female kameezshalwar_unstitched Kameez Pants female"
"16","khaadi","female","kameezshalwar_stitched","Khaas Kurta","8990","6290","https://pk.khaadi.com/kck20506-off-white-kck20506-off-white-pk.html","https://pk.khaadi.com/media/catalog/product/k/c/kck20506_off-white_1.jpg?width=300&height=&canvas=300:&quality=80&bg-color=255,255,255&fit=bounds","https://pk.khaadi.com/media/catalog/product/k/c/kck20506_off-white_2.jpg?width=300&height=&canvas=300:&quality=80&bg-color=255,255,255&fit=bounds","5","avb","2021-10-23",NULL,"1","4","1","khaadi female kameezshalwar_stitched Khaas Kurta female"
"17","khaadi","female","kameezshalwar_unstitched","Kameez Pants","2290","1600","https://pk.khaadi.com/i21206-blue-i21206-blue-pk.html","https://pk.khaadi.com/media/catalog/product/i/2/i21206_blue_1.jpg?width=300&height=&canvas=300:&quality=80&bg-color=255,255,255&fit=bounds","https://pk.khaadi.com/media/catalog/product/i/2/i21206_blue_2.jpg?width=300&height=&canvas=300:&quality=80&bg-color=255,255,255&fit=bounds","5","avb","2021-10-23",NULL,"1","5","1","khaadi female kameezshalwar_unstitched Kameez Pants female"
"18","khaadi","female","accessories","Kohlapuri","2190","1530","https://pk.khaadi.com/afwf21218-silver-afwf21218-silver-pk.html","https://pk.khaadi.com/media/catalog/product/a/f/afwf21218_silver_1.jpg?width=300&height=&canvas=300:&quality=80&bg-color=255,255,255&fit=bounds","https://pk.khaadi.com/media/catalog/product/a/f/afwf21218_silver_1.jpg?width=300&height=&canvas=300:&quality=80&bg-color=255,255,255&fit=bounds","5","avb","2021-10-23",NULL,"1","10","1","khaadi female accessories Kohlapuri female"
"19","khaadi","female","kameezshalwar_stitched","Khaas Kurta","7490","5240","https://pk.khaadi.com/kck20513-off-white-kck20513-off-white-pk.html","https://pk.khaadi.com/media/catalog/product/k/c/kck20513_off-white_1.jpg?width=300&height=&canvas=300:&quality=80&bg-color=255,255,255&fit=bounds","https://pk.khaadi.com/media/catalog/product/k/c/kck20513_off-white_2.jpg?width=300&height=&canvas=300:&quality=80&bg-color=255,255,255&fit=bounds","5","avb","2021-10-23",NULL,"1","4","1","khaadi female kameezshalwar_stitched Khaas Kurta female"
"20","khaadi","female","kameezshalwar_unstitched","Kameez Pants","2390","1670","https://pk.khaadi.com/i21209-beige-i21209-beige-pk.html","https://pk.khaadi.com/media/catalog/product/i/2/i21209_beige_1_12.jpg?width=300&height=&canvas=300:&quality=80&bg-color=255,255,255&fit=bounds","https://pk.khaadi.com/media/catalog/product/i/2/i21209_beige_2_12.jpg?width=300&height=&canvas=300:&quality=80&bg-color=255,255,255&fit=bounds","5","avb","2021-10-23",NULL,"1","5","1","khaadi female kameezshalwar_unstitched Kameez Pants female"
"21","khaadi","female","accessories","Khussa Slipper","1990","1390","https://pk.khaadi.com/afwf21219-black-afwf21219-black-pk.html","https://pk.khaadi.com/media/catalog/product/a/f/afwf21219_black_1_1.jpg?width=300&height=&canvas=300:&quality=80&bg-color=255,255,255&fit=bounds","https://pk.khaadi.com/media/catalog/product/a/f/afwf21219_black_1_1.jpg?width=300&height=&canvas=300:&quality=80&bg-color=255,255,255&fit=bounds","5","avb","2021-10-23",NULL,"1","10","1","khaadi female accessories Khussa Slipper female"
"22","khaadi","female","kameezshalwar_stitched","Khaas Kurta","9990","6990","https://pk.khaadi.com/kck20807-brown-kck20807-brown-pk.html","https://pk.khaadi.com/media/catalog/product/k/c/kck20807_brown_1.jpg?width=300&height=&canvas=300:&quality=80&bg-color=255,255,255&fit=bounds","https://pk.khaadi.com/media/catalog/product/k/c/kck20807_brown_2.jpg?width=300&height=&canvas=300:&quality=80&bg-color=255,255,255&fit=bounds","5","avb","2021-10-23",NULL,"1","4","1","khaadi female kameezshalwar_stitched Khaas Kurta female"
"23","khaadi","female","kameezshalwar_unstitched","Kameez Pants","2490","1740","https://pk.khaadi.com/i21211-off-white-i21211-off-white-pk.html","https://pk.khaadi.com/media/catalog/product/i/2/i21211_off-white_1_12.jpg?width=300&height=&canvas=300:&quality=80&bg-color=255,255,255&fit=bounds","https://pk.khaadi.com/media/catalog/product/i/2/i21211_off-white_2_12.jpg?width=300&height=&canvas=300:&quality=80&bg-color=255,255,255&fit=bounds","5","avb","2021-10-23",NULL,"1","5","1","khaadi female kameezshalwar_unstitched Kameez Pants female"
"24","khaadi","female","kameezshalwar_stitched","Khaas Kurta","6990","4890","https://pk.khaadi.com/kck20811-beige-kck20811-beige-pk.html","https://pk.khaadi.com/media/catalog/product/k/c/kck20811_beige_1_1.jpg?width=300&height=&canvas=300:&quality=80&bg-color=255,255,255&fit=bounds","https://pk.khaadi.com/media/catalog/product/k/c/kck20811_beige_2_1.jpg?width=300&height=&canvas=300:&quality=80&bg-color=255,255,255&fit=bounds","5","avb","2021-10-23",NULL,"1","4","1","khaadi female kameezshalwar_stitched Khaas Kurta female"
"25","khaadi","female","kameezshalwar_unstitched","Kameez Pants","2490","1740","https://pk.khaadi.com/i21211-white-i21211-white-pk.html","https://pk.khaadi.com/media/catalog/product/i/2/i21211_white_1_12.jpg?width=300&height=&canvas=300:&quality=80&bg-color=255,255,255&fit=bounds","https://pk.khaadi.com/media/catalog/product/i/2/i21211_white_2_12.jpg?width=300&height=&canvas=300:&quality=80&bg-color=255,255,255&fit=bounds","5","avb","2021-10-23",NULL,"1","5","1","khaadi female kameezshalwar_unstitched Kameez Pants female"
"26","khaadi","female","kameezshalwar_stitched","Khaas Pants","3490","2440","https://pk.khaadi.com/kfb20703-black-kfb20703-black-pk.html","https://pk.khaadi.com/media/catalog/product/k/f/kfb20703_black_1_5.jpg?width=300&height=&canvas=300:&quality=80&bg-color=255,255,255&fit=bounds","https://pk.khaadi.com/media/catalog/product/k/f/kfb20703_black_2_5.jpg?width=300&height=&canvas=300:&quality=80&bg-color=255,255,255&fit=bounds","5","avb","2021-10-23",NULL,"1","4","1","khaadi female kameezshalwar_stitched Khaas Pants female"
"27","khaadi","female","kameezshalwar_unstitched","Kameez Pants","2490","1740","https://pk.khaadi.com/i21292-white-i21292-white-pk.html","https://pk.khaadi.com/media/catalog/product/i/2/i21292_white_1_6.jpg?width=300&height=&canvas=300:&quality=80&bg-color=255,255,255&fit=bounds","https://pk.khaadi.com/media/catalog/product/i/2/i21292_white_2_6.jpg?width=300&height=&canvas=300:&quality=80&bg-color=255,255,255&fit=bounds","5","avb","2021-10-23",NULL,"1","5","1","khaadi female kameezshalwar_unstitched Kameez Pants female"
"28","khaadi","female","kameezshalwar_stitched","Khaas Dupatta","5990","4190","https://pk.khaadi.com/kfpd20801-off-white-kfpd20801-off-white-pk.html","https://pk.khaadi.com/media/catalog/product/k/f/kfpd20801_off-white_1.jpg?width=300&height=&canvas=300:&quality=80&bg-color=255,255,255&fit=bounds","https://pk.khaadi.com/media/catalog/product/k/f/kfpd20801_off-white_2.jpg?width=300&height=&canvas=300:&quality=80&bg-color=255,255,255&fit=bounds","5","avb","2021-10-23",NULL,"1","4","1","khaadi female kameezshalwar_stitched Khaas Dupatta female"
"29","khaadi","female","kameezshalwar_unstitched","Kameez Pants","2790","1950","https://pk.khaadi.com/id21201-green-id21201-green-pk.html","https://pk.khaadi.com/media/catalog/product/i/d/id21201_green_1.jpg?width=300&height=&canvas=300:&quality=80&bg-color=255,255,255&fit=bounds","https://pk.khaadi.com/media/catalog/product/i/d/id21201_green_2.jpg?width=300&height=&canvas=300:&quality=80&bg-color=255,255,255&fit=bounds","5","avb","2021-10-23",NULL,"1","5","1","khaadi female kameezshalwar_unstitched Kameez Pants female"
"30","khaadi","female","kameezshalwar_unstitched","Kameez Pants","1690","1180","https://pk.khaadi.com/j21225-orange-j21225-orange-pk.html","https://pk.khaadi.com/media/catalog/product/j/2/j21225_orange_1.jpg?width=300&height=&canvas=300:&quality=80&bg-color=255,255,255&fit=bounds","https://pk.khaadi.com/media/catalog/product/j/2/j21225_orange_2.jpg?width=300&height=&canvas=300:&quality=80&bg-color=255,255,255&fit=bounds","5","avb","2021-10-23",NULL,"1","5","1","khaadi female kameezshalwar_unstitched Kameez Pants female"
"31","khaadi","female","kameezshalwar_unstitched","Kameez Pants","1690","1180","https://pk.khaadi.com/j21227-white-j21227-white-pk.html","https://pk.khaadi.com/media/catalog/product/j/2/j21227_white_1_11.jpg?width=300&height=&canvas=300:&quality=80&bg-color=255,255,255&fit=bounds","https://pk.khaadi.com/media/catalog/product/j/2/j21227_white_2_11.jpg?width=300&height=&canvas=300:&quality=80&bg-color=255,255,255&fit=bounds","5","avb","2021-10-23",NULL,"1","5","1","khaadi female kameezshalwar_unstitched Kameez Pants female"
"32","khaadi","female","kameezshalwar_unstitched","Kameez Pants","1990","1390","https://pk.khaadi.com/j21233-green-j21233-green-pk.html","https://pk.khaadi.com/media/catalog/product/j/2/j21233_green_1.jpg?width=300&height=&canvas=300:&quality=80&bg-color=255,255,255&fit=bounds","https://pk.khaadi.com/media/catalog/product/j/2/j21233_green_2.jpg?width=300&height=&canvas=300:&quality=80&bg-color=255,255,255&fit=bounds","5","avb","2021-10-23",NULL,"1","5","1","khaadi female kameezshalwar_unstitched Kameez Pants female"
"33","khaadi","female","kameezshalwar_unstitched","Kameez Pants","1890","1320","https://pk.khaadi.com/j21303-off-white-j21303-off-white-pk.html","https://pk.khaadi.com/media/catalog/product/j/2/j21303_off-white_1.jpg?width=300&height=&canvas=300:&quality=80&bg-color=255,255,255&fit=bounds","https://pk.khaadi.com/media/catalog/product/j/2/j21303_off-white_2.jpg?width=300&height=&canvas=300:&quality=80&bg-color=255,255,255&fit=bounds","5","avb","2021-10-23",NULL,"1","5","1","khaadi female kameezshalwar_unstitched Kameez Pants female"
"34","khaadi","female","kameezshalwar_unstitched","Kameez Pants","1790","1250","https://pk.khaadi.com/j21307-white-j21307-white-pk.html","https://pk.khaadi.com/media/catalog/product/j/2/j21307_white_1.jpg?width=300&height=&canvas=300:&quality=80&bg-color=255,255,255&fit=bounds","https://pk.khaadi.com/media/catalog/product/j/2/j21307_white_2.jpg?width=300&height=&canvas=300:&quality=80&bg-color=255,255,255&fit=bounds","5","avb","2021-10-23",NULL,"1","5","1","khaadi female kameezshalwar_unstitched Kameez Pants female"
"35","khaadi","female","kameezshalwar_unstitched","Full Suit","9990","6990","https://pk.khaadi.com/k21201-white-k21201-white-pk.html","https://pk.khaadi.com/media/catalog/product/k/2/k21201_white_1_1.jpg?width=300&height=&canvas=300:&quality=80&bg-color=255,255,255&fit=bounds","https://pk.khaadi.com/media/catalog/product/k/2/k21201_white_2_1.jpg?width=300&height=&canvas=300:&quality=80&bg-color=255,255,255&fit=bounds","5","avb","2021-10-23",NULL,"1","5","1","khaadi female kameezshalwar_unstitched Full Suit female"
"36","khaadi","female","kameezshalwar_unstitched","Full Suit","8990","6290","https://pk.khaadi.com/kd21202-green-kd21202-green-pk.html","https://pk.khaadi.com/media/catalog/product/k/d/kd21202_green_1_1.jpg?width=300&height=&canvas=300:&quality=80&bg-color=255,255,255&fit=bounds","https://pk.khaadi.com/media/catalog/product/k/d/kd21202_green_2_1.jpg?width=300&height=&canvas=300:&quality=80&bg-color=255,255,255&fit=bounds","5","avb","2021-10-23",NULL,"1","5","1","khaadi female kameezshalwar_unstitched Full Suit female"
"37","khaadi","female","kameezshalwar_unstitched","Full Suit","8990","6290","https://pk.khaadi.com/kd21202-white-kd21202-white-pk.html","https://pk.khaadi.com/media/catalog/product/k/d/kd21202_white_1_1.jpg?width=300&height=&canvas=300:&quality=80&bg-color=255,255,255&fit=bounds","https://pk.khaadi.com/media/catalog/product/k/d/kd21202_white_2_1.jpg?width=300&height=&canvas=300:&quality=80&bg-color=255,255,255&fit=bounds","5","avb","2021-10-23",NULL,"1","5","1","khaadi female kameezshalwar_unstitched Full Suit female"
"38","khaadi","female","kameezshalwar_unstitched","Full Suit","6490","4540","https://pk.khaadi.com/kd21203-white-kd21203-white-pk.html","https://pk.khaadi.com/media/catalog/product/k/d/kd21203_white_1.jpg?width=300&height=&canvas=300:&quality=80&bg-color=255,255,255&fit=bounds","https://pk.khaadi.com/media/catalog/product/k/d/kd21203_white_2.jpg?width=300&height=&canvas=300:&quality=80&bg-color=255,255,255&fit=bounds","5","avb","2021-10-23",NULL,"1","5","1","khaadi female kameezshalwar_unstitched Full Suit female"
"39","khaadi","female","kameezshalwar_unstitched","Kameez Dupatta","1890","1320","https://pk.khaadi.com/l21240-yellow-l21240-yellow-pk.html","https://pk.khaadi.com/media/catalog/product/l/2/l21240_yellow_1.jpg?width=300&height=&canvas=300:&quality=80&bg-color=255,255,255&fit=bounds","https://pk.khaadi.com/media/catalog/product/l/2/l21240_yellow_2.jpg?width=300&height=&canvas=300:&quality=80&bg-color=255,255,255&fit=bounds","5","avb","2021-10-23",NULL,"1","5","1","khaadi female kameezshalwar_unstitched Kameez Dupatta female"
"40","khaadi","female","kameezshalwar_stitched","Khaas Kurta Pants","13490","9440","https://pk.khaadi.com/ksfkp20803-green-ksfkp20803-green-pk.html","https://pk.khaadi.com/media/catalog/product/k/s/ksfkp20803_green_1_4.jpg?width=300&height=&canvas=300:&quality=80&bg-color=255,255,255&fit=bounds","https://pk.khaadi.com/media/catalog/product/k/s/ksfkp20803_green_2_4.jpg?width=300&height=&canvas=300:&quality=80&bg-color=255,255,255&fit=bounds","5","avb","2021-10-23",NULL,"1","4","1","khaadi female kameezshalwar_stitched Khaas Kurta Pants female"
"41","khaadi","female","kameezshalwar_unstitched","Kameez Dupatta","1890","1320","https://pk.khaadi.com/l21255-beige-l21255-beige-pk.html","https://pk.khaadi.com/media/catalog/product/l/2/l21255_beige_1.jpg?width=300&height=&canvas=300:&quality=80&bg-color=255,255,255&fit=bounds","https://pk.khaadi.com/media/catalog/product/l/2/l21255_beige_2.jpg?width=300&height=&canvas=300:&quality=80&bg-color=255,255,255&fit=bounds","5","avb","2021-10-23",NULL,"1","5","1","khaadi female kameezshalwar_unstitched Kameez Dupatta female"
"42","khaadi","female","kameezshalwar_stitched","Pants","1890","1320","https://pk.khaadi.com/wbb21401-red-wbb21401-red-pk.html","https://pk.khaadi.com/media/catalog/product/w/b/wbb21401_red_1_1.jpg?width=300&height=&canvas=300:&quality=80&bg-color=255,255,255&fit=bounds","https://pk.khaadi.com/media/catalog/product/w/b/wbb21401_red_2_1.jpg?width=300&height=&canvas=300:&quality=80&bg-color=255,255,255&fit=bounds","5","avb","2021-10-23",NULL,"1","4","1","khaadi female kameezshalwar_stitched Pants female"
"43","khaadi","female","kameezshalwar_unstitched","Khaas Full Suit","22990","16090","https://pk.khaadi.com/lcr21202-white-lcr21202-white-pk.html","https://pk.khaadi.com/media/catalog/product/l/c/lcr21202_white_1_1.jpg?width=300&height=&canvas=300:&quality=80&bg-color=255,255,255&fit=bounds","https://pk.khaadi.com/media/catalog/product/l/c/lcr21202_white_2.jpg?width=300&height=&canvas=300:&quality=80&bg-color=255,255,255&fit=bounds","5","avb","2021-10-23",NULL,"1","5","1","khaadi female kameezshalwar_unstitched Khaas Full Suit female"
"44","khaadi","female","kameezshalwar_stitched","Pants","2766","1935","https://pk.khaadi.com/wbe21401-black-wbe21401-black-pk.html","https://pk.khaadi.com/media/catalog/product/w/b/wbe21401_black_1_3.jpg?width=300&height=&canvas=300:&quality=80&bg-color=255,255,255&fit=bounds","https://pk.khaadi.com/media/catalog/product/w/b/wbe21401_black_2_3.jpg?width=300&height=&canvas=300:&quality=80&bg-color=255,255,255&fit=bounds","5","avb","2021-10-23",NULL,"1","4","1","khaadi female kameezshalwar_stitched Pants female"
"45","khaadi","female","kameezshalwar_unstitched","Khaas Full Suit","22990","16090","https://pk.khaadi.com/lcr21205-white-lcr21205-white-pk.html","https://pk.khaadi.com/media/catalog/product/l/c/lcr21205_white_1_5.jpg?width=300&height=&canvas=300:&quality=80&bg-color=255,255,255&fit=bounds","https://pk.khaadi.com/media/catalog/product/l/c/lcr21205_white_2.jpg?width=300&height=&canvas=300:&quality=80&bg-color=255,255,255&fit=bounds","5","avb","2021-10-23",NULL,"1","5","1","khaadi female kameezshalwar_unstitched Khaas Full Suit female"
"46","khaadi","female","kameezshalwar_stitched","Maxi Dress","3090","2160","https://pk.khaadi.com/wdjqb21501-black-wdjqb21501-black-pk.html","https://pk.khaadi.com/media/catalog/product/w/d/wdjqb21501_black_1_4.jpg?width=300&height=&canvas=300:&quality=80&bg-color=255,255,255&fit=bounds","https://pk.khaadi.com/media/catalog/product/w/d/wdjqb21501_black_2_4.jpg?width=300&height=&canvas=300:&quality=80&bg-color=255,255,255&fit=bounds","5","avb","2021-10-23",NULL,"1","4","1","khaadi female kameezshalwar_stitched Maxi Dress female"
"47","khaadi","female","kameezshalwar_stitched","Jacket","2590","1810","https://pk.khaadi.com/wowp21301-multi-wowp21301-multi-pk.html","https://pk.khaadi.com/media/catalog/product/w/o/wowp21301_multi_1_1.jpg?width=300&height=&canvas=300:&quality=80&bg-color=255,255,255&fit=bounds","https://pk.khaadi.com/media/catalog/product/w/o/wowp21301_multi_1_1.jpg?width=300&height=&canvas=300:&quality=80&bg-color=255,255,255&fit=bounds","5","avb","2021-10-23",NULL,"1","4","1","khaadi female kameezshalwar_stitched Jacket female"
"48","khaadi","female","kameezshalwar_stitched","Blouse","6690","4680","https://pk.khaadi.com/wte21401-black-wte21401-black-pk.html","https://pk.khaadi.com/media/catalog/product/w/t/wte21401_black_1.jpg?width=300&height=&canvas=300:&quality=80&bg-color=255,255,255&fit=bounds","https://pk.khaadi.com/media/catalog/product/w/t/wte21401_black_2.jpg?width=300&height=&canvas=300:&quality=80&bg-color=255,255,255&fit=bounds","5","avb","2021-10-23",NULL,"1","4","1","khaadi female kameezshalwar_stitched Blouse female"
"49","khaadi","female","kameezshalwar_stitched","Blouse","3890","2720","https://pk.khaadi.com/wte21403-red-wte21403-red-pk.html","https://pk.khaadi.com/media/catalog/product/w/t/wte21403_red_1.jpg?width=300&height=&canvas=300:&quality=80&bg-color=255,255,255&fit=bounds","https://pk.khaadi.com/media/catalog/product/w/t/wte21403_red_2.jpg?width=300&height=&canvas=300:&quality=80&bg-color=255,255,255&fit=bounds","5","avb","2021-10-23",NULL,"1","4","1","khaadi female kameezshalwar_stitched Blouse female"
"50","khaadi","female","kameezshalwar_stitched","Blouse","2290","1600","https://pk.khaadi.com/wtp21404-multi-wtp21404-multi-pk.html","https://pk.khaadi.com/media/catalog/product/w/t/wtp21404_multi_1_2.jpg?width=300&height=&canvas=300:&quality=80&bg-color=255,255,255&fit=bounds","https://pk.khaadi.com/media/catalog/product/w/t/wtp21404_multi_2_2.jpg?width=300&height=&canvas=300:&quality=80&bg-color=255,255,255&fit=bounds","5","avb","2021-10-23",NULL,"1","4","1","khaadi female kameezshalwar_stitched Blouse female"
"51","khaadi","female","kameezshalwar_stitched","Blouse","2290","1600","https://pk.khaadi.com/wtp21406-black-wtp21406-black-pk.html","https://pk.khaadi.com/media/catalog/product/w/t/wtp21406_black_1_1.jpg?width=300&height=&canvas=300:&quality=80&bg-color=255,255,255&fit=bounds","https://pk.khaadi.com/media/catalog/product/w/t/wtp21406_black_2_1.jpg?width=300&height=&canvas=300:&quality=80&bg-color=255,255,255&fit=bounds","5","avb","2021-10-23",NULL,"1","4","1","khaadi female kameezshalwar_stitched Blouse female"
"52","khaadi","female","kameezshalwar_stitched","Khaas Kurta","12990","6495","https://pk.khaadi.com/ksfk20202-yellow-ksfk20202-yellow-pk.html","https://pk.khaadi.com/media/catalog/product/k/s/ksfk20202_yellow_1.jpg?width=300&height=&canvas=300:&quality=80&bg-color=255,255,255&fit=bounds","https://pk.khaadi.com/media/catalog/product/k/s/ksfk20202_yellow_2.jpg?width=300&height=&canvas=300:&quality=80&bg-color=255,255,255&fit=bounds","5","avb","2021-10-23",NULL,"1","4","1","khaadi female kameezshalwar_stitched Khaas Kurta female"
"53","khaadi","female","kameezshalwar_unstitched","Kameez Dupatta","1890","1320","https://pk.khaadi.com/l2104013-beige-l2104013-beige-pk.html","https://pk.khaadi.com/media/catalog/product/l/2/l2104013_beige_1.jpg?width=300&height=&canvas=300:&quality=80&bg-color=255,255,255&fit=bounds","https://pk.khaadi.com/media/catalog/product/l/2/l2104013_beige_2.jpg?width=300&height=&canvas=300:&quality=80&bg-color=255,255,255&fit=bounds","5","avb","2021-10-23",NULL,"1","5","1","khaadi female kameezshalwar_unstitched Kameez Dupatta female"
"54","khaadi","female","kameezshalwar_unstitched","Kameez Dupatta","1890","1320","https://pk.khaadi.com/l2104017-blue-l2104017-blue-pk.html","https://pk.khaadi.com/media/catalog/product/l/2/l2104017_blue_1_3.jpg?width=300&height=&canvas=300:&quality=80&bg-color=255,255,255&fit=bounds","https://pk.khaadi.com/media/catalog/product/l/2/l2104017_blue_2_3.jpg?width=300&height=&canvas=300:&quality=80&bg-color=255,255,255&fit=bounds","5","avb","2021-10-23",NULL,"1","5","1","khaadi female kameezshalwar_unstitched Kameez Dupatta female"
"55","khaadi","female","kameezshalwar_unstitched","Kameez Dupatta","1790","1250","https://pk.khaadi.com/l21301-pink-l21301-pink-pk.html","https://pk.khaadi.com/media/catalog/product/l/2/l21301_pink_1_4.jpg?width=300&height=&canvas=300:&quality=80&bg-color=255,255,255&fit=bounds","https://pk.khaadi.com/media/catalog/product/l/2/l21301_pink_2_4.jpg?width=300&height=&canvas=300:&quality=80&bg-color=255,255,255&fit=bounds","5","avb","2021-10-23",NULL,"1","5","1","khaadi female kameezshalwar_unstitched Kameez Dupatta female"
"56","khaadi","female","kameezshalwar_unstitched","Kameez Dupatta","1690","1180","https://pk.khaadi.com/l21304-green-l21304-green-pk.html","https://pk.khaadi.com/media/catalog/product/l/2/l21304_green_1_1.jpg?width=300&height=&canvas=300:&quality=80&bg-color=255,255,255&fit=bounds","https://pk.khaadi.com/media/catalog/product/l/2/l21304_green_2_1.jpg?width=300&height=&canvas=300:&quality=80&bg-color=255,255,255&fit=bounds","5","avb","2021-10-23",NULL,"1","5","1","khaadi female kameezshalwar_unstitched Kameez Dupatta female"
"57","khaadi","female","kameezshalwar_unstitched","Kameez Dupatta","1790","1250","https://pk.khaadi.com/l21313-purple-l21313-purple-pk.html","https://pk.khaadi.com/media/catalog/product/l/2/l21313_purple_1_1.jpg?width=300&height=&canvas=300:&quality=80&bg-color=255,255,255&fit=bounds","https://pk.khaadi.com/media/catalog/product/l/2/l21313_purple_2_1.jpg?width=300&height=&canvas=300:&quality=80&bg-color=255,255,255&fit=bounds","5","avb","2021-10-23",NULL,"1","5","1","khaadi female kameezshalwar_unstitched Kameez Dupatta female"
"58","khaadi","female","kameezshalwar_unstitched","Kameez Dupatta","2390","1670","https://pk.khaadi.com/m2103034-off-white-m2103034-off-white-pk.html","https://pk.khaadi.com/media/catalog/product/m/2/m2103034_off-white_1.jpg?width=300&height=&canvas=300:&quality=80&bg-color=255,255,255&fit=bounds","https://pk.khaadi.com/media/catalog/product/m/2/m2103034_off-white_2.jpg?width=300&height=&canvas=300:&quality=80&bg-color=255,255,255&fit=bounds","5","avb","2021-10-23",NULL,"1","5","1","khaadi female kameezshalwar_unstitched Kameez Dupatta female"
"59","khaadi","female","kameezshalwar_unstitched","Kameez Dupatta","2390","1670","https://pk.khaadi.com/m2103034-white-m2103034-white-pk.html","https://pk.khaadi.com/media/catalog/product/m/2/m2103034_white_1_3.jpg?width=300&height=&canvas=300:&quality=80&bg-color=255,255,255&fit=bounds","https://pk.khaadi.com/media/catalog/product/m/2/m2103034_white_2_3.jpg?width=300&height=&canvas=300:&quality=80&bg-color=255,255,255&fit=bounds","5","avb","2021-10-23",NULL,"1","5","1","khaadi female kameezshalwar_unstitched Kameez Dupatta female"
"60","khaadi","female","kameezshalwar_unstitched","Kameez Dupatta","2590","1810","https://pk.khaadi.com/m2103035-beige-m2103035-beige-pk.html","https://pk.khaadi.com/media/catalog/product/m/2/m2103035_beige_1.jpg?width=300&height=&canvas=300:&quality=80&bg-color=255,255,255&fit=bounds","https://pk.khaadi.com/media/catalog/product/m/2/m2103035_beige_2.jpg?width=300&height=&canvas=300:&quality=80&bg-color=255,255,255&fit=bounds","5","avb","2021-10-23",NULL,"1","5","1","khaadi female kameezshalwar_unstitched Kameez Dupatta female"
"61","khaadi","female","kameezshalwar_unstitched","Kameez Dupatta","2590","1810","https://pk.khaadi.com/m2103035-off-white-m2103035-off-white-pk.html","https://pk.khaadi.com/media/catalog/product/m/2/m2103035_off-white_1.jpg?width=300&height=&canvas=300:&quality=80&bg-color=255,255,255&fit=bounds","https://pk.khaadi.com/media/catalog/product/m/2/m2103035_off-white_2.jpg?width=300&height=&canvas=300:&quality=80&bg-color=255,255,255&fit=bounds","5","avb","2021-10-23",NULL,"1","5","1","khaadi female kameezshalwar_unstitched Kameez Dupatta female"
"62","khaadi","female","kameezshalwar_stitched","Kurta","3490","1745","https://pk.khaadi.com/ctp20208-off-white-ctp20208-off-white-pk.html","https://pk.khaadi.com/media/catalog/product/c/t/ctp20208_off-white_1_7.jpg?width=300&height=&canvas=300:&quality=80&bg-color=255,255,255&fit=bounds","https://pk.khaadi.com/media/catalog/product/c/t/ctp20208_off-white_3_7.jpg?width=300&height=&canvas=300:&quality=80&bg-color=255,255,255&fit=bounds","5","avb","2021-10-23",NULL,"1","4","1","khaadi female kameezshalwar_stitched Kurta female"
"63","khaadi","female","kameezshalwar_unstitched","Kameez Dupatta","2490","1740","https://pk.khaadi.com/m2103037-blue-m2103037-blue-pk.html","https://pk.khaadi.com/media/catalog/product/m/2/m2103037_blue_1.jpg?width=300&height=&canvas=300:&quality=80&bg-color=255,255,255&fit=bounds","https://pk.khaadi.com/media/catalog/product/m/2/m2103037_blue_2.jpg?width=300&height=&canvas=300:&quality=80&bg-color=255,255,255&fit=bounds","5","avb","2021-10-23",NULL,"1","5","1","khaadi female kameezshalwar_unstitched Kameez Dupatta female"
"64","khaadi","female","kameezshalwar_stitched","Kurta","4490","2245","https://pk.khaadi.com/etp20312-red-etp20312-red-pk.html","https://pk.khaadi.com/media/catalog/product/e/t/etp20312_red_1_1.jpg?width=300&height=&canvas=300:&quality=80&bg-color=255,255,255&fit=bounds","https://pk.khaadi.com/media/catalog/product/e/t/etp20312_red_2_1.jpg?width=300&height=&canvas=300:&quality=80&bg-color=255,255,255&fit=bounds","5","avb","2021-10-23",NULL,"1","4","1","khaadi female kameezshalwar_stitched Kurta female"
"65","khaadi","female","kameezshalwar_unstitched","Kameez Dupatta","2490","1740","https://pk.khaadi.com/m2103037-green-m2103037-green-pk.html","https://pk.khaadi.com/media/catalog/product/m/2/m2103037_green_1.jpg?width=300&height=&canvas=300:&quality=80&bg-color=255,255,255&fit=bounds","https://pk.khaadi.com/media/catalog/product/m/2/m2103037_green_2.jpg?width=300&height=&canvas=300:&quality=80&bg-color=255,255,255&fit=bounds","5","avb","2021-10-23",NULL,"1","5","1","khaadi female kameezshalwar_unstitched Kameez Dupatta female"
"66","khaadi","female","kameezshalwar_stitched","Dupatta","990","690","https://pk.khaadi.com/ckde20132s-green-ckde20132s-green-pk.html","https://pk.khaadi.com/media/catalog/product/c/k/ckde20132s_green_1_13.jpg?width=300&height=&canvas=300:&quality=80&bg-color=255,255,255&fit=bounds","https://pk.khaadi.com/media/catalog/product/c/k/ckde20132s_green_2_13.jpg?width=300&height=&canvas=300:&quality=80&bg-color=255,255,255&fit=bounds","5","avb","2021-10-23",NULL,"1","4","1","khaadi female kameezshalwar_stitched Dupatta female"
"67","khaadi","female","kameezshalwar_unstitched","Kameez Dupatta","2390","1670","https://pk.khaadi.com/m2103038-black-m2103038-black-pk.html","https://pk.khaadi.com/media/catalog/product/m/2/m2103038_black_1.jpg?width=300&height=&canvas=300:&quality=80&bg-color=255,255,255&fit=bounds","https://pk.khaadi.com/media/catalog/product/m/2/m2103038_black_2.jpg?width=300&height=&canvas=300:&quality=80&bg-color=255,255,255&fit=bounds","5","avb","2021-10-23",NULL,"1","5","1","khaadi female kameezshalwar_unstitched Kameez Dupatta female"
"68","khaadi","female","kameezshalwar_stitched","Dupatta","1190","830","https://pk.khaadi.com/eekdpe21201s-grey-eekdpe21201s-grey-pk.html","https://pk.khaadi.com/media/catalog/product/e/e/eekdpe21201s_grey_1_4.jpg?width=300&height=&canvas=300:&quality=80&bg-color=255,255,255&fit=bounds","https://pk.khaadi.com/media/catalog/product/e/e/eekdpe21201s_grey_2_4.jpg?width=300&height=&canvas=300:&quality=80&bg-color=255,255,255&fit=bounds","5","avb","2021-10-23",NULL,"1","4","1","khaadi female kameezshalwar_stitched Dupatta female"
"69","khaadi","female","kameezshalwar_unstitched","Kameez Dupatta","2390","1670","https://pk.khaadi.com/m2103038-green-m2103038-green-pk.html","https://pk.khaadi.com/media/catalog/product/m/2/m2103038_green_1.jpg?width=300&height=&canvas=300:&quality=80&bg-color=255,255,255&fit=bounds","https://pk.khaadi.com/media/catalog/product/m/2/m2103038_green_2.jpg?width=300&height=&canvas=300:&quality=80&bg-color=255,255,255&fit=bounds","5","avb","2021-10-23",NULL,"1","5","1","khaadi female kameezshalwar_unstitched Kameez Dupatta female"
"70","khaadi","female","kameezshalwar_stitched","Pants","1490","1040","https://pk.khaadi.com/eepe21105-blue-eepe21105-blue-pk.html","https://pk.khaadi.com/media/catalog/product/e/e/eepe21105_blue_1.jpg?width=300&height=&canvas=300:&quality=80&bg-color=255,255,255&fit=bounds","https://pk.khaadi.com/media/catalog/product/e/e/eepe21105_blue_2.jpg?width=300&height=&canvas=300:&quality=80&bg-color=255,255,255&fit=bounds","5","avb","2021-10-23",NULL,"1","4","1","khaadi female kameezshalwar_stitched Pants female"
"71","khaadi","female","kameezshalwar_unstitched","Kameez Dupatta","2590","1810","https://pk.khaadi.com/m2103040-red-m2103040-red-pk.html","https://pk.khaadi.com/media/catalog/product/m/2/m2103040_red_1.jpg?width=300&height=&canvas=300:&quality=80&bg-color=255,255,255&fit=bounds","https://pk.khaadi.com/media/catalog/product/m/2/m2103040_red_2.jpg?width=300&height=&canvas=300:&quality=80&bg-color=255,255,255&fit=bounds","5","avb","2021-10-23",NULL,"1","5","1","khaadi female kameezshalwar_unstitched Kameez Dupatta female"
"72","khaadi","female","kameezshalwar_stitched","Shalwar","1390","970","https://pk.khaadi.com/eete21316b-yellow-eete21316b-yellow-pk.html","https://pk.khaadi.com/media/catalog/product/e/e/eete21316b_yellow_1.jpg?width=300&height=&canvas=300:&quality=80&bg-color=255,255,255&fit=bounds","https://pk.khaadi.com/media/catalog/product/e/e/eete21316b_yellow_2.jpg?width=300&height=&canvas=300:&quality=80&bg-color=255,255,255&fit=bounds","5","avb","2021-10-23",NULL,"1","4","1","khaadi female kameezshalwar_stitched Shalwar female"
"73","khaadi","female","kameezshalwar_unstitched","Kameez Dupatta","2890","2020","https://pk.khaadi.com/m21213-blue-m21213-blue-pk.html","https://pk.khaadi.com/media/catalog/product/m/2/m21213_blue_1.jpg?width=300&height=&canvas=300:&quality=80&bg-color=255,255,255&fit=bounds","https://pk.khaadi.com/media/catalog/product/m/2/m21213_blue_2.jpg?width=300&height=&canvas=300:&quality=80&bg-color=255,255,255&fit=bounds","5","avb","2021-10-23",NULL,"1","5","1","khaadi female kameezshalwar_unstitched Kameez Dupatta female"
"74","khaadi","female","kameezshalwar_stitched","Kurta","2290","1600","https://pk.khaadi.com/eete21319-blue-eete21319-blue-pk.html","https://pk.khaadi.com/media/catalog/product/e/e/eete21319_blue_1_1.jpg?width=300&height=&canvas=300:&quality=80&bg-color=255,255,255&fit=bounds","https://pk.khaadi.com/media/catalog/product/e/e/eete21319_blue_2_1.jpg?width=300&height=&canvas=300:&quality=80&bg-color=255,255,255&fit=bounds","5","avb","2021-10-23",NULL,"1","4","1","khaadi female kameezshalwar_stitched Kurta female"
"75","khaadi","female","kameezshalwar_unstitched","Kameez Dupatta","2590","1810","https://pk.khaadi.com/mb21118-purple-mb21118-purple-pk.html","https://pk.khaadi.com/media/catalog/product/m/b/mb21118_purple_1.jpg?width=300&height=&canvas=300:&quality=80&bg-color=255,255,255&fit=bounds","https://pk.khaadi.com/media/catalog/product/m/b/mb21118_purple_2.jpg?width=300&height=&canvas=300:&quality=80&bg-color=255,255,255&fit=bounds","5","avb","2021-10-23",NULL,"1","5","1","khaadi female kameezshalwar_unstitched Kameez Dupatta female"
"76","khaadi","female","kameezshalwar_stitched","Dupatta","1290","900","https://pk.khaadi.com/eskde21207s-purple-eskde21207s-purple-pk.html","https://pk.khaadi.com/media/catalog/product/e/s/eskde21207s_purple_1_1.jpg?width=300&height=&canvas=300:&quality=80&bg-color=255,255,255&fit=bounds","https://pk.khaadi.com/media/catalog/product/e/s/eskde21207s_purple_2_1.jpg?width=300&height=&canvas=300:&quality=80&bg-color=255,255,255&fit=bounds","5","avb","2021-10-23",NULL,"1","4","1","khaadi female kameezshalwar_stitched Dupatta female"
"77","khaadi","female","kameezshalwar_unstitched","Full Suit","2490","1740","https://pk.khaadi.com/a2104036-beige-a2104036-beige-pk.html","https://pk.khaadi.com/media/catalog/product/a/2/a2104036_beige_1.jpg?width=300&height=&canvas=300:&quality=80&bg-color=255,255,255&fit=bounds","https://pk.khaadi.com/media/catalog/product/a/2/a2104036_beige_2.jpg?width=300&height=&canvas=300:&quality=80&bg-color=255,255,255&fit=bounds","5","avb","2021-10-23",NULL,"1","5","1","khaadi female kameezshalwar_unstitched Full Suit female"
"78","khaadi","female","kameezshalwar_stitched","Pants","1490","1040","https://pk.khaadi.com/espe21105-blue-espe21105-blue-pk.html","https://pk.khaadi.com/media/catalog/product/e/s/espe21105_blue_1_2.jpg?width=300&height=&canvas=300:&quality=80&bg-color=255,255,255&fit=bounds","https://pk.khaadi.com/media/catalog/product/e/s/espe21105_blue_2_2.jpg?width=300&height=&canvas=300:&quality=80&bg-color=255,255,255&fit=bounds","5","avb","2021-10-23",NULL,"1","4","1","khaadi female kameezshalwar_stitched Pants female"
"79","khaadi","female","kameezshalwar_unstitched","Full Suit","2890","2020","https://pk.khaadi.com/a210501-blue-a210501-blue-pk.html","https://pk.khaadi.com/media/catalog/product/a/2/a210501_blue_1.jpg?width=300&height=&canvas=300:&quality=80&bg-color=255,255,255&fit=bounds","https://pk.khaadi.com/media/catalog/product/a/2/a210501_blue_2.jpg?width=300&height=&canvas=300:&quality=80&bg-color=255,255,255&fit=bounds","5","avb","2021-10-23",NULL,"1","5","1","khaadi female kameezshalwar_unstitched Full Suit female"
"80","khaadi","female","kameezshalwar_stitched","Pants","2190","1530","https://pk.khaadi.com/espe21109-beige-espe21109-beige-pk.html","https://pk.khaadi.com/media/catalog/product/e/s/espe21109_beige_1.jpg?width=300&height=&canvas=300:&quality=80&bg-color=255,255,255&fit=bounds","https://pk.khaadi.com/media/catalog/product/e/s/espe21109_beige_2.jpg?width=300&height=&canvas=300:&quality=80&bg-color=255,255,255&fit=bounds","5","avb","2021-10-23",NULL,"1","4","1","khaadi female kameezshalwar_stitched Pants female"
"81","khaadi","female","kameezshalwar_unstitched","Full Suit","2890","2020","https://pk.khaadi.com/a210502-beige-a210502-beige-pk.html","https://pk.khaadi.com/media/catalog/product/a/2/a210502_beige_1.jpg?width=300&height=&canvas=300:&quality=80&bg-color=255,255,255&fit=bounds","https://pk.khaadi.com/media/catalog/product/a/2/a210502_beige_2.jpg?width=300&height=&canvas=300:&quality=80&bg-color=255,255,255&fit=bounds","5","avb","2021-10-23",NULL,"1","5","1","khaadi female kameezshalwar_unstitched Full Suit female"
"82","khaadi","female","kameezshalwar_stitched","Pants","2290","1600","https://pk.khaadi.com/espe21304-beige-espe21304-beige-pk.html","https://pk.khaadi.com/media/catalog/product/e/s/espe21304_beige_1.jpg?width=300&height=&canvas=300:&quality=80&bg-color=255,255,255&fit=bounds","https://pk.khaadi.com/media/catalog/product/e/s/espe21304_beige_2.jpg?width=300&height=&canvas=300:&quality=80&bg-color=255,255,255&fit=bounds","5","avb","2021-10-23",NULL,"1","4","1","khaadi female kameezshalwar_stitched Pants female"
"83","khaadi","female","kameezshalwar_unstitched","Full Suit","2890","2020","https://pk.khaadi.com/a210502-grey-a210502-grey-pk.html","https://pk.khaadi.com/media/catalog/product/a/2/a210502_grey_1.jpg?width=300&height=&canvas=300:&quality=80&bg-color=255,255,255&fit=bounds","https://pk.khaadi.com/media/catalog/product/a/2/a210502_grey_2.jpg?width=300&height=&canvas=300:&quality=80&bg-color=255,255,255&fit=bounds","5","avb","2021-10-23",NULL,"1","5","1","khaadi female kameezshalwar_unstitched Full Suit female"
"84","khaadi","female","kameezshalwar_stitched","Kurta","5490","3840","https://pk.khaadi.com/este21201-off-white-este21201-off-white-pk.html","https://pk.khaadi.com/media/catalog/product/e/s/este21201_off-white_1.jpg?width=300&height=&canvas=300:&quality=80&bg-color=255,255,255&fit=bounds","https://pk.khaadi.com/media/catalog/product/e/s/este21201_off-white_2.jpg?width=300&height=&canvas=300:&quality=80&bg-color=255,255,255&fit=bounds","5","avb","2021-10-23",NULL,"1","4","1","khaadi female kameezshalwar_stitched Kurta female"
"85","khaadi","female","kameezshalwar_stitched","Kurta","4690","3280","https://pk.khaadi.com/estp21205-black-estp21205-black-pk.html","https://pk.khaadi.com/media/catalog/product/e/s/estp21205_black_1.jpg?width=300&height=&canvas=300:&quality=80&bg-color=255,255,255&fit=bounds","https://pk.khaadi.com/media/catalog/product/e/s/estp21205_black_2.jpg?width=300&height=&canvas=300:&quality=80&bg-color=255,255,255&fit=bounds","5","avb","2021-10-23",NULL,"1","4","1","khaadi female kameezshalwar_stitched Kurta female"
"86","khaadi","female","kameezshalwar_stitched","Kurta","2390","1670","https://pk.khaadi.com/estp21211-off-white-estp21211-off-white-pk.html","https://pk.khaadi.com/media/catalog/product/e/s/estp21211_off-white_1_6.jpg?width=300&height=&canvas=300:&quality=80&bg-color=255,255,255&fit=bounds","https://pk.khaadi.com/media/catalog/product/e/s/estp21211_off-white_2_6.jpg?width=300&height=&canvas=300:&quality=80&bg-color=255,255,255&fit=bounds","5","avb","2021-10-23",NULL,"1","4","1","khaadi female kameezshalwar_stitched Kurta female"
"87","khaadi","female","kameezshalwar_stitched","Khaas Kurta","8990","6290","https://pk.khaadi.com/kck20506-off-white-kck20506-off-white-pk.html","https://pk.khaadi.com/media/catalog/product/k/c/kck20506_off-white_1.jpg?width=300&height=&canvas=300:&quality=80&bg-color=255,255,255&fit=bounds","https://pk.khaadi.com/media/catalog/product/k/c/kck20506_off-white_2.jpg?width=300&height=&canvas=300:&quality=80&bg-color=255,255,255&fit=bounds","5","avb","2021-10-23",NULL,"1","4","1","khaadi female kameezshalwar_stitched Khaas Kurta female"
"88","khaadi","female","kameezshalwar_stitched","Khaas Kurta","7490","5240","https://pk.khaadi.com/kck20513-off-white-kck20513-off-white-pk.html","https://pk.khaadi.com/media/catalog/product/k/c/kck20513_off-white_1.jpg?width=300&height=&canvas=300:&quality=80&bg-color=255,255,255&fit=bounds","https://pk.khaadi.com/media/catalog/product/k/c/kck20513_off-white_2.jpg?width=300&height=&canvas=300:&quality=80&bg-color=255,255,255&fit=bounds","5","avb","2021-10-23",NULL,"1","4","1","khaadi female kameezshalwar_stitched Khaas Kurta female"
"89","khaadi","female","kameezshalwar_stitched","Khaas Kurta","9990","6990","https://pk.khaadi.com/kck20807-brown-kck20807-brown-pk.html","https://pk.khaadi.com/media/catalog/product/k/c/kck20807_brown_1.jpg?width=300&height=&canvas=300:&quality=80&bg-color=255,255,255&fit=bounds","https://pk.khaadi.com/media/catalog/product/k/c/kck20807_brown_2.jpg?width=300&height=&canvas=300:&quality=80&bg-color=255,255,255&fit=bounds","5","avb","2021-10-23",NULL,"1","4","1","khaadi female kameezshalwar_stitched Khaas Kurta female"
"90","khaadi","female","kameezshalwar_stitched","Khaas Kurta","6990","4890","https://pk.khaadi.com/kck20811-beige-kck20811-beige-pk.html","https://pk.khaadi.com/media/catalog/product/k/c/kck20811_beige_1_1.jpg?width=300&height=&canvas=300:&quality=80&bg-color=255,255,255&fit=bounds","https://pk.khaadi.com/media/catalog/product/k/c/kck20811_beige_2_1.jpg?width=300&height=&canvas=300:&quality=80&bg-color=255,255,255&fit=bounds","5","avb","2021-10-23",NULL,"1","4","1","khaadi female kameezshalwar_stitched Khaas Kurta female"
"91","khaadi","female","kameezshalwar_stitched","Khaas Pants","3490","2440","https://pk.khaadi.com/kfb20703-black-kfb20703-black-pk.html","https://pk.khaadi.com/media/catalog/product/k/f/kfb20703_black_1_5.jpg?width=300&height=&canvas=300:&quality=80&bg-color=255,255,255&fit=bounds","https://pk.khaadi.com/media/catalog/product/k/f/kfb20703_black_2_5.jpg?width=300&height=&canvas=300:&quality=80&bg-color=255,255,255&fit=bounds","5","avb","2021-10-23",NULL,"1","4","1","khaadi female kameezshalwar_stitched Khaas Pants female"
"92","khaadi","female","kameezshalwar_stitched","Khaas Dupatta","5990","4190","https://pk.khaadi.com/kfpd20801-off-white-kfpd20801-off-white-pk.html","https://pk.khaadi.com/media/catalog/product/k/f/kfpd20801_off-white_1.jpg?width=300&height=&canvas=300:&quality=80&bg-color=255,255,255&fit=bounds","https://pk.khaadi.com/media/catalog/product/k/f/kfpd20801_off-white_2.jpg?width=300&height=&canvas=300:&quality=80&bg-color=255,255,255&fit=bounds","5","avb","2021-10-23",NULL,"1","4","1","khaadi female kameezshalwar_stitched Khaas Dupatta female"
"93","khaadi","female","kameezshalwar_unstitched","Full Suit","2890","2020","https://pk.khaadi.com/a210503-black-a210503-black-pk.html","https://pk.khaadi.com/media/catalog/product/a/2/a210503_black_1.jpg?width=300&height=&canvas=300:&quality=80&bg-color=255,255,255&fit=bounds","https://pk.khaadi.com/media/catalog/product/a/2/a210503_black_2.jpg?width=300&height=&canvas=300:&quality=80&bg-color=255,255,255&fit=bounds","5","avb","2021-10-23",NULL,"1","5","1","khaadi female kameezshalwar_unstitched Full Suit female"
"94","khaadi","female","kameezshalwar_unstitched","Full Suit","2890","2020","https://pk.khaadi.com/a210503-blue-a210503-blue-pk.html","https://pk.khaadi.com/media/catalog/product/a/2/a210503_blue_1.jpg?width=300&height=&canvas=300:&quality=80&bg-color=255,255,255&fit=bounds","https://pk.khaadi.com/media/catalog/product/a/2/a210503_blue_2.jpg?width=300&height=&canvas=300:&quality=80&bg-color=255,255,255&fit=bounds","5","avb","2021-10-23",NULL,"1","5","1","khaadi female kameezshalwar_unstitched Full Suit female"
"95","khaadi","female","kameezshalwar_stitched","Kurta","3490","1745","https://pk.khaadi.com/ctp20208-off-white-ctp20208-off-white-pk.html","https://pk.khaadi.com/media/catalog/product/c/t/ctp20208_off-white_1_7.jpg?width=300&height=&canvas=300:&quality=80&bg-color=255,255,255&fit=bounds","https://pk.khaadi.com/media/catalog/product/c/t/ctp20208_off-white_3_7.jpg?width=300&height=&canvas=300:&quality=80&bg-color=255,255,255&fit=bounds","5","avb","2021-10-23",NULL,"1","4","1","khaadi female kameezshalwar_stitched Kurta female"
"96","khaadi","female","kameezshalwar_unstitched","Full Suit","2890","2020","https://pk.khaadi.com/a210510-beige-a210510-beige-pk.html","https://pk.khaadi.com/media/catalog/product/a/2/a210510_beige_1.jpg?width=300&height=&canvas=300:&quality=80&bg-color=255,255,255&fit=bounds","https://pk.khaadi.com/media/catalog/product/a/2/a210510_beige_2.jpg?width=300&height=&canvas=300:&quality=80&bg-color=255,255,255&fit=bounds","5","avb","2021-10-23",NULL,"1","5","1","khaadi female kameezshalwar_unstitched Full Suit female"
"97","khaadi","female","kameezshalwar_stitched","Kurta","4490","2245","https://pk.khaadi.com/etp20312-red-etp20312-red-pk.html","https://pk.khaadi.com/media/catalog/product/e/t/etp20312_red_1_1.jpg?width=300&height=&canvas=300:&quality=80&bg-color=255,255,255&fit=bounds","https://pk.khaadi.com/media/catalog/product/e/t/etp20312_red_2_1.jpg?width=300&height=&canvas=300:&quality=80&bg-color=255,255,255&fit=bounds","5","avb","2021-10-23",NULL,"1","4","1","khaadi female kameezshalwar_stitched Kurta female"
"98","khaadi","female","kameezshalwar_unstitched","Full Suit","2890","2020","https://pk.khaadi.com/a210511-pink-a210511-pink-pk.html","https://pk.khaadi.com/media/catalog/product/a/2/a210511_pink_1.jpg?width=300&height=&canvas=300:&quality=80&bg-color=255,255,255&fit=bounds","https://pk.khaadi.com/media/catalog/product/a/2/a210511_pink_2.jpg?width=300&height=&canvas=300:&quality=80&bg-color=255,255,255&fit=bounds","5","avb","2021-10-23",NULL,"1","5","1","khaadi female kameezshalwar_unstitched Full Suit female"
"99","khaadi","female","kameezshalwar_stitched","Dupatta","990","690","https://pk.khaadi.com/ckde20132s-green-ckde20132s-green-pk.html","https://pk.khaadi.com/media/catalog/product/c/k/ckde20132s_green_1_13.jpg?width=300&height=&canvas=300:&quality=80&bg-color=255,255,255&fit=bounds","https://pk.khaadi.com/media/catalog/product/c/k/ckde20132s_green_2_13.jpg?width=300&height=&canvas=300:&quality=80&bg-color=255,255,255&fit=bounds","5","avb","2021-10-23",NULL,"1","4","1","khaadi female kameezshalwar_stitched Dupatta female"
"100","khaadi","female","kameezshalwar_unstitched","Full Suit","2890","2020","https://pk.khaadi.com/a210512-blue-a210512-blue-pk.html","https://pk.khaadi.com/media/catalog/product/a/2/a210512_blue_1.jpg?width=300&height=&canvas=300:&quality=80&bg-color=255,255,255&fit=bounds","https://pk.khaadi.com/media/catalog/product/a/2/a210512_blue_2.jpg?width=300&height=&canvas=300:&quality=80&bg-color=255,255,255&fit=bounds","5","avb","2021-10-23",NULL,"1","5","1","khaadi female kameezshalwar_unstitched Full Suit female"
"101","khaadi","female","kameezshalwar_stitched","Dupatta","1190","830","https://pk.khaadi.com/eekdpe21201s-grey-eekdpe21201s-grey-pk.html","https://pk.khaadi.com/media/catalog/product/e/e/eekdpe21201s_grey_1_4.jpg?width=300&height=&canvas=300:&quality=80&bg-color=255,255,255&fit=bounds","https://pk.khaadi.com/media/catalog/product/e/e/eekdpe21201s_grey_2_4.jpg?width=300&height=&canvas=300:&quality=80&bg-color=255,255,255&fit=bounds","5","avb","2021-10-23",NULL,"1","4","1","khaadi female kameezshalwar_stitched Dupatta female"
"102","khaadi","female","kameezshalwar_unstitched","Full Suit","2890","2020","https://pk.khaadi.com/a210512-pink-a210512-pink-pk.html","https://pk.khaadi.com/media/catalog/product/a/2/a210512_pink_1.jpg?width=300&height=&canvas=300:&quality=80&bg-color=255,255,255&fit=bounds","https://pk.khaadi.com/media/catalog/product/a/2/a210512_pink_2.jpg?width=300&height=&canvas=300:&quality=80&bg-color=255,255,255&fit=bounds","5","avb","2021-10-23",NULL,"1","5","1","khaadi female kameezshalwar_unstitched Full Suit female"
"103","khaadi","female","kameezshalwar_stitched","Pants","1490","1040","https://pk.khaadi.com/eepe21105-blue-eepe21105-blue-pk.html","https://pk.khaadi.com/media/catalog/product/e/e/eepe21105_blue_1.jpg?width=300&height=&canvas=300:&quality=80&bg-color=255,255,255&fit=bounds","https://pk.khaadi.com/media/catalog/product/e/e/eepe21105_blue_2.jpg?width=300&height=&canvas=300:&quality=80&bg-color=255,255,255&fit=bounds","5","avb","2021-10-23",NULL,"1","4","1","khaadi female kameezshalwar_stitched Pants female"
"104","khaadi","female","kameezshalwar_unstitched","Full Suit","2890","2020","https://pk.khaadi.com/a210513-yellow-a210513-yellow-pk.html","https://pk.khaadi.com/media/catalog/product/a/2/a210513_yellow_1.jpg?width=300&height=&canvas=300:&quality=80&bg-color=255,255,255&fit=bounds","https://pk.khaadi.com/media/catalog/product/a/2/a210513_yellow_2.jpg?width=300&height=&canvas=300:&quality=80&bg-color=255,255,255&fit=bounds","5","avb","2021-10-23",NULL,"1","5","1","khaadi female kameezshalwar_unstitched Full Suit female"
"105","khaadi","female","kameezshalwar_stitched","Shalwar","1390","970","https://pk.khaadi.com/eete21316b-yellow-eete21316b-yellow-pk.html","https://pk.khaadi.com/media/catalog/product/e/e/eete21316b_yellow_1.jpg?width=300&height=&canvas=300:&quality=80&bg-color=255,255,255&fit=bounds","https://pk.khaadi.com/media/catalog/product/e/e/eete21316b_yellow_2.jpg?width=300&height=&canvas=300:&quality=80&bg-color=255,255,255&fit=bounds","5","avb","2021-10-23",NULL,"1","4","1","khaadi female kameezshalwar_stitched Shalwar female"
"106","khaadi","female","kameezshalwar_unstitched","Full Suit","2790","1950","https://pk.khaadi.com/a210528-blue-a210528-blue-pk.html","https://pk.khaadi.com/media/catalog/product/a/2/a210528_blue_1.jpg?width=300&height=&canvas=300:&quality=80&bg-color=255,255,255&fit=bounds","https://pk.khaadi.com/media/catalog/product/a/2/a210528_blue_2.jpg?width=300&height=&canvas=300:&quality=80&bg-color=255,255,255&fit=bounds","5","avb","2021-10-23",NULL,"1","5","1","khaadi female kameezshalwar_unstitched Full Suit female"
"107","khaadi","female","kameezshalwar_stitched","Kurta","2290","1600","https://pk.khaadi.com/eete21319-blue-eete21319-blue-pk.html","https://pk.khaadi.com/media/catalog/product/e/e/eete21319_blue_1_1.jpg?width=300&height=&canvas=300:&quality=80&bg-color=255,255,255&fit=bounds","https://pk.khaadi.com/media/catalog/product/e/e/eete21319_blue_2_1.jpg?width=300&height=&canvas=300:&quality=80&bg-color=255,255,255&fit=bounds","5","avb","2021-10-23",NULL,"1","4","1","khaadi female kameezshalwar_stitched Kurta female"
"108","khaadi","female","kameezshalwar_unstitched","Full Suit","2790","1950","https://pk.khaadi.com/a210702-white-a210702-white-pk.html","https://pk.khaadi.com/media/catalog/product/a/2/a210702_white_1.jpg?width=300&height=&canvas=300:&quality=80&bg-color=255,255,255&fit=bounds","https://pk.khaadi.com/media/catalog/product/a/2/a210702_white_2.jpg?width=300&height=&canvas=300:&quality=80&bg-color=255,255,255&fit=bounds","5","avb","2021-10-23",NULL,"1","5","1","khaadi female kameezshalwar_unstitched Full Suit female"
"109","khaadi","female","kameezshalwar_stitched","Dupatta","1290","900","https://pk.khaadi.com/eskde21207s-purple-eskde21207s-purple-pk.html","https://pk.khaadi.com/media/catalog/product/e/s/eskde21207s_purple_1_1.jpg?width=300&height=&canvas=300:&quality=80&bg-color=255,255,255&fit=bounds","https://pk.khaadi.com/media/catalog/product/e/s/eskde21207s_purple_2_1.jpg?width=300&height=&canvas=300:&quality=80&bg-color=255,255,255&fit=bounds","5","avb","2021-10-23",NULL,"1","4","1","khaadi female kameezshalwar_stitched Dupatta female"
"110","khaadi","female","kameezshalwar_unstitched","Full Suit","2490","1740","https://pk.khaadi.com/a21314-blue-a21314-blue-pk.html","https://pk.khaadi.com/media/catalog/product/a/2/a21314_blue_1.jpg?width=300&height=&canvas=300:&quality=80&bg-color=255,255,255&fit=bounds","https://pk.khaadi.com/media/catalog/product/a/2/a21314_blue_2.jpg?width=300&height=&canvas=300:&quality=80&bg-color=255,255,255&fit=bounds","5","avb","2021-10-23",NULL,"1","5","1","khaadi female kameezshalwar_unstitched Full Suit female"
"111","khaadi","female","kameezshalwar_stitched","Pants","1490","1040","https://pk.khaadi.com/espe21105-blue-espe21105-blue-pk.html","https://pk.khaadi.com/media/catalog/product/e/s/espe21105_blue_1_2.jpg?width=300&height=&canvas=300:&quality=80&bg-color=255,255,255&fit=bounds","https://pk.khaadi.com/media/catalog/product/e/s/espe21105_blue_2_2.jpg?width=300&height=&canvas=300:&quality=80&bg-color=255,255,255&fit=bounds","5","avb","2021-10-23",NULL,"1","4","1","khaadi female kameezshalwar_stitched Pants female"
"112","khaadi","female","kameezshalwar_unstitched","Full Suit","2690","1880","https://pk.khaadi.com/a21358-beige-a21358-beige-pk.html","https://pk.khaadi.com/media/catalog/product/a/2/a21358_beige_1_1.jpg?width=300&height=&canvas=300:&quality=80&bg-color=255,255,255&fit=bounds","https://pk.khaadi.com/media/catalog/product/a/2/a21358_beige_2_1.jpg?width=300&height=&canvas=300:&quality=80&bg-color=255,255,255&fit=bounds","5","avb","2021-10-23",NULL,"1","5","1","khaadi female kameezshalwar_unstitched Full Suit female"
"113","khaadi","female","kameezshalwar_stitched","Pants","2190","1530","https://pk.khaadi.com/espe21109-beige-espe21109-beige-pk.html","https://pk.khaadi.com/media/catalog/product/e/s/espe21109_beige_1.jpg?width=300&height=&canvas=300:&quality=80&bg-color=255,255,255&fit=bounds","https://pk.khaadi.com/media/catalog/product/e/s/espe21109_beige_2.jpg?width=300&height=&canvas=300:&quality=80&bg-color=255,255,255&fit=bounds","5","avb","2021-10-23",NULL,"1","4","1","khaadi female kameezshalwar_stitched Pants female"
"114","khaadi","female","kameezshalwar_unstitched","Full Suit","2790","1950","https://pk.khaadi.com/a21363-yellow-a21363-yellow-pk.html","https://pk.khaadi.com/media/catalog/product/a/2/a21363_yellow_1.jpg?width=300&height=&canvas=300:&quality=80&bg-color=255,255,255&fit=bounds","https://pk.khaadi.com/media/catalog/product/a/2/a21363_yellow_2.jpg?width=300&height=&canvas=300:&quality=80&bg-color=255,255,255&fit=bounds","5","avb","2021-10-23",NULL,"1","5","1","khaadi female kameezshalwar_unstitched Full Suit female"
"115","khaadi","female","kameezshalwar_stitched","Pants","2290","1600","https://pk.khaadi.com/espe21304-beige-espe21304-beige-pk.html","https://pk.khaadi.com/media/catalog/product/e/s/espe21304_beige_1.jpg?width=300&height=&canvas=300:&quality=80&bg-color=255,255,255&fit=bounds","https://pk.khaadi.com/media/catalog/product/e/s/espe21304_beige_2.jpg?width=300&height=&canvas=300:&quality=80&bg-color=255,255,255&fit=bounds","5","avb","2021-10-23",NULL,"1","4","1","khaadi female kameezshalwar_stitched Pants female"
"116","khaadi","female","kameezshalwar_unstitched","Full Suit","2790","1950","https://pk.khaadi.com/a21382-blue-a21382-blue-pk.html","https://pk.khaadi.com/media/catalog/product/a/2/a21382_blue_1.jpg?width=300&height=&canvas=300:&quality=80&bg-color=255,255,255&fit=bounds","https://pk.khaadi.com/media/catalog/product/a/2/a21382_blue_2.jpg?width=300&height=&canvas=300:&quality=80&bg-color=255,255,255&fit=bounds","5","avb","2021-10-23",NULL,"1","5","1","khaadi female kameezshalwar_unstitched Full Suit female"
"117","khaadi","female","kameezshalwar_stitched","Kurta","5490","3840","https://pk.khaadi.com/este21201-off-white-este21201-off-white-pk.html","https://pk.khaadi.com/media/catalog/product/e/s/este21201_off-white_1.jpg?width=300&height=&canvas=300:&quality=80&bg-color=255,255,255&fit=bounds","https://pk.khaadi.com/media/catalog/product/e/s/este21201_off-white_2.jpg?width=300&height=&canvas=300:&quality=80&bg-color=255,255,255&fit=bounds","5","avb","2021-10-23",NULL,"1","4","1","khaadi female kameezshalwar_stitched Kurta female"
"118","khaadi","female","kameezshalwar_unstitched","Full Suit","2790","1950","https://pk.khaadi.com/a21391-beige-a21391-beige-pk.html","https://pk.khaadi.com/media/catalog/product/a/2/a21391_beige_1_5.jpg?width=300&height=&canvas=300:&quality=80&bg-color=255,255,255&fit=bounds","https://pk.khaadi.com/media/catalog/product/a/2/a21391_beige_2_5.jpg?width=300&height=&canvas=300:&quality=80&bg-color=255,255,255&fit=bounds","5","avb","2021-10-23",NULL,"1","5","1","khaadi female kameezshalwar_unstitched Full Suit female"
"119","khaadi","female","kameezshalwar_stitched","Kurta","4690","3280","https://pk.khaadi.com/estp21205-black-estp21205-black-pk.html","https://pk.khaadi.com/media/catalog/product/e/s/estp21205_black_1.jpg?width=300&height=&canvas=300:&quality=80&bg-color=255,255,255&fit=bounds","https://pk.khaadi.com/media/catalog/product/e/s/estp21205_black_2.jpg?width=300&height=&canvas=300:&quality=80&bg-color=255,255,255&fit=bounds","5","avb","2021-10-23",NULL,"1","4","1","khaadi female kameezshalwar_stitched Kurta female"
"120","khaadi","female","kameezshalwar_unstitched","Full Suit","2790","1950","https://pk.khaadi.com/a21391-blue-a21391-blue-pk.html","https://pk.khaadi.com/media/catalog/product/a/2/a21391_blue_1.jpg?width=300&height=&canvas=300:&quality=80&bg-color=255,255,255&fit=bounds","https://pk.khaadi.com/media/catalog/product/a/2/a21391_blue_2.jpg?width=300&height=&canvas=300:&quality=80&bg-color=255,255,255&fit=bounds","5","avb","2021-10-23",NULL,"1","5","1","khaadi female kameezshalwar_unstitched Full Suit female"
"121","khaadi","female","kameezshalwar_stitched","Kurta","2390","1670","https://pk.khaadi.com/estp21211-off-white-estp21211-off-white-pk.html","https://pk.khaadi.com/media/catalog/product/e/s/estp21211_off-white_1_6.jpg?width=300&height=&canvas=300:&quality=80&bg-color=255,255,255&fit=bounds","https://pk.khaadi.com/media/catalog/product/e/s/estp21211_off-white_2_6.jpg?width=300&height=&canvas=300:&quality=80&bg-color=255,255,255&fit=bounds","5","avb","2021-10-23",NULL,"1","4","1","khaadi female kameezshalwar_stitched Kurta female"
"122","khaadi","female","kameezshalwar_unstitched","Full Suit","3190","2230","https://pk.khaadi.com/b21224-blue-b21224-blue-pk.html","https://pk.khaadi.com/media/catalog/product/b/2/b21224_blue_1.jpg?width=300&height=&canvas=300:&quality=80&bg-color=255,255,255&fit=bounds","https://pk.khaadi.com/media/catalog/product/b/2/b21224_blue_2.jpg?width=300&height=&canvas=300:&quality=80&bg-color=255,255,255&fit=bounds","5","avb","2021-10-23",NULL,"1","5","1","khaadi female kameezshalwar_unstitched Full Suit female"
"123","khaadi","female","kameezshalwar_stitched","Khaas Kurta","8990","6290","https://pk.khaadi.com/kck20506-off-white-kck20506-off-white-pk.html","https://pk.khaadi.com/media/catalog/product/k/c/kck20506_off-white_1.jpg?width=300&height=&canvas=300:&quality=80&bg-color=255,255,255&fit=bounds","https://pk.khaadi.com/media/catalog/product/k/c/kck20506_off-white_2.jpg?width=300&height=&canvas=300:&quality=80&bg-color=255,255,255&fit=bounds","5","avb","2021-10-23",NULL,"1","4","1","khaadi female kameezshalwar_stitched Khaas Kurta female"
"124","khaadi","female","kameezshalwar_unstitched","Full Suit","3790","2650","https://pk.khaadi.com/b21235-beige-b21235-beige-pk.html","https://pk.khaadi.com/media/catalog/product/b/2/b21235_beige_1.jpg?width=300&height=&canvas=300:&quality=80&bg-color=255,255,255&fit=bounds","https://pk.khaadi.com/media/catalog/product/b/2/b21235_beige_2.jpg?width=300&height=&canvas=300:&quality=80&bg-color=255,255,255&fit=bounds","5","avb","2021-10-23",NULL,"1","5","1","khaadi female kameezshalwar_unstitched Full Suit female"
"125","khaadi","female","kameezshalwar_stitched","Khaas Kurta","7490","5240","https://pk.khaadi.com/kck20513-off-white-kck20513-off-white-pk.html","https://pk.khaadi.com/media/catalog/product/k/c/kck20513_off-white_1.jpg?width=300&height=&canvas=300:&quality=80&bg-color=255,255,255&fit=bounds","https://pk.khaadi.com/media/catalog/product/k/c/kck20513_off-white_2.jpg?width=300&height=&canvas=300:&quality=80&bg-color=255,255,255&fit=bounds","5","avb","2021-10-23",NULL,"1","4","1","khaadi female kameezshalwar_stitched Khaas Kurta female"
"126","khaadi","female","kameezshalwar_unstitched","Full Suit","3790","2650","https://pk.khaadi.com/b21235-black-b21235-black-pk.html","https://pk.khaadi.com/media/catalog/product/b/2/b21235_black_1.jpg?width=300&height=&canvas=300:&quality=80&bg-color=255,255,255&fit=bounds","https://pk.khaadi.com/media/catalog/product/b/2/b21235_black_2.jpg?width=300&height=&canvas=300:&quality=80&bg-color=255,255,255&fit=bounds","5","avb","2021-10-23",NULL,"1","5","1","khaadi female kameezshalwar_unstitched Full Suit female"
"127","khaadi","female","kameezshalwar_stitched","Khaas Kurta","9990","6990","https://pk.khaadi.com/kck20807-brown-kck20807-brown-pk.html","https://pk.khaadi.com/media/catalog/product/k/c/kck20807_brown_1.jpg?width=300&height=&canvas=300:&quality=80&bg-color=255,255,255&fit=bounds","https://pk.khaadi.com/media/catalog/product/k/c/kck20807_brown_2.jpg?width=300&height=&canvas=300:&quality=80&bg-color=255,255,255&fit=bounds","5","avb","2021-10-23",NULL,"1","4","1","khaadi female kameezshalwar_stitched Khaas Kurta female"
"128","khaadi","female","kameezshalwar_unstitched","Full Suit","3590","2510","https://pk.khaadi.com/b21304-beige-b21304-beige-pk.html","https://pk.khaadi.com/media/catalog/product/b/2/b21304_beige_1_2.jpg?width=300&height=&canvas=300:&quality=80&bg-color=255,255,255&fit=bounds","https://pk.khaadi.com/media/catalog/product/b/2/b21304_beige_2_2.jpg?width=300&height=&canvas=300:&quality=80&bg-color=255,255,255&fit=bounds","5","avb","2021-10-23",NULL,"1","5","1","khaadi female kameezshalwar_unstitched Full Suit female"
"129","khaadi","female","kameezshalwar_stitched","Khaas Kurta","6990","4890","https://pk.khaadi.com/kck20811-beige-kck20811-beige-pk.html","https://pk.khaadi.com/media/catalog/product/k/c/kck20811_beige_1_1.jpg?width=300&height=&canvas=300:&quality=80&bg-color=255,255,255&fit=bounds","https://pk.khaadi.com/media/catalog/product/k/c/kck20811_beige_2_1.jpg?width=300&height=&canvas=300:&quality=80&bg-color=255,255,255&fit=bounds","5","avb","2021-10-23",NULL,"1","4","1","khaadi female kameezshalwar_stitched Khaas Kurta female"
"130","khaadi","female","kameezshalwar_unstitched","Full Suit","3190","2230","https://pk.khaadi.com/b21311-black-b21311-black-pk.html","https://pk.khaadi.com/media/catalog/product/b/2/b21311_black_1_2.jpg?width=300&height=&canvas=300:&quality=80&bg-color=255,255,255&fit=bounds","https://pk.khaadi.com/media/catalog/product/b/2/b21311_black_2_2.jpg?width=300&height=&canvas=300:&quality=80&bg-color=255,255,255&fit=bounds","5","avb","2021-10-23",NULL,"1","5","1","khaadi female kameezshalwar_unstitched Full Suit female"
"131","khaadi","female","kameezshalwar_stitched","Khaas Pants","3490","2440","https://pk.khaadi.com/kfb20703-black-kfb20703-black-pk.html","https://pk.khaadi.com/media/catalog/product/k/f/kfb20703_black_1_5.jpg?width=300&height=&canvas=300:&quality=80&bg-color=255,255,255&fit=bounds","https://pk.khaadi.com/media/catalog/product/k/f/kfb20703_black_2_5.jpg?width=300&height=&canvas=300:&quality=80&bg-color=255,255,255&fit=bounds","5","avb","2021-10-23",NULL,"1","4","1","khaadi female kameezshalwar_stitched Khaas Pants female"
"132","khaadi","female","kameezshalwar_stitched","Khaas Dupatta","5990","4190","https://pk.khaadi.com/kfpd20801-off-white-kfpd20801-off-white-pk.html","https://pk.khaadi.com/media/catalog/product/k/f/kfpd20801_off-white_1.jpg?width=300&height=&canvas=300:&quality=80&bg-color=255,255,255&fit=bounds","https://pk.khaadi.com/media/catalog/product/k/f/kfpd20801_off-white_2.jpg?width=300&height=&canvas=300:&quality=80&bg-color=255,255,255&fit=bounds","5","avb","2021-10-23",NULL,"1","4","1","khaadi female kameezshalwar_stitched Khaas Dupatta female"
"133","khaadi","female","kameezshalwar_unstitched","Kameez Pants","1890","1320","https://pk.khaadi.com/j21390-blue-j21390-blue-pk.html","https://pk.khaadi.com/media/catalog/product/j/2/j21390_blue_1_2.jpg?width=300&height=&canvas=300:&quality=80&bg-color=255,255,255&fit=bounds","https://pk.khaadi.com/media/catalog/product/j/2/j21390_blue_2_2.jpg?width=300&height=&canvas=300:&quality=80&bg-color=255,255,255&fit=bounds","5","avb","2021-10-23",NULL,"1","5","1","khaadi female kameezshalwar_unstitched Kameez Pants female"
"134","khaadi","female","kameezshalwar_unstitched","Kameez Pants","1890","1320","https://pk.khaadi.com/j21391-grey-j21391-grey-pk.html","https://pk.khaadi.com/media/catalog/product/j/2/j21391_grey_1_2.jpg?width=300&height=&canvas=300:&quality=80&bg-color=255,255,255&fit=bounds","https://pk.khaadi.com/media/catalog/product/j/2/j21391_grey_2_2.jpg?width=300&height=&canvas=300:&quality=80&bg-color=255,255,255&fit=bounds","5","avb","2021-10-23",NULL,"1","5","1","khaadi female kameezshalwar_unstitched Kameez Pants female"
"135","khaadi","female","kameezshalwar_unstitched","Kameez Pants","1890","1320","https://pk.khaadi.com/j21391-purple-j21391-purple-pk.html","https://pk.khaadi.com/media/catalog/product/j/2/j21391_purple_1_2.jpg?width=300&height=&canvas=300:&quality=80&bg-color=255,255,255&fit=bounds","https://pk.khaadi.com/media/catalog/product/j/2/j21391_purple_2_2.jpg?width=300&height=&canvas=300:&quality=80&bg-color=255,255,255&fit=bounds","5","avb","2021-10-23",NULL,"1","5","1","khaadi female kameezshalwar_unstitched Kameez Pants female"
"136","khaadi","female","kameezshalwar_unstitched","Kameez Pants","1890","1320","https://pk.khaadi.com/j21394-off-white-j21394-off-white-pk.html","https://pk.khaadi.com/media/catalog/product/j/2/j21394_off-white_1_3.jpg?width=300&height=&canvas=300:&quality=80&bg-color=255,255,255&fit=bounds","https://pk.khaadi.com/media/catalog/product/j/2/j21394_off-white_2_3.jpg?width=300&height=&canvas=300:&quality=80&bg-color=255,255,255&fit=bounds","5","avb","2021-10-23",NULL,"1","5","1","khaadi female kameezshalwar_unstitched Kameez Pants female"
"137","khaadi","female","kameezshalwar_unstitched","Kameez Pants","1890","1320","https://pk.khaadi.com/j21394-yellow-j21394-yellow-pk.html","https://pk.khaadi.com/media/catalog/product/j/2/j21394_yellow_1_2.jpg?width=300&height=&canvas=300:&quality=80&bg-color=255,255,255&fit=bounds","https://pk.khaadi.com/media/catalog/product/j/2/j21394_yellow_2_2.jpg?width=300&height=&canvas=300:&quality=80&bg-color=255,255,255&fit=bounds","5","avb","2021-10-23",NULL,"1","5","1","khaadi female kameezshalwar_unstitched Kameez Pants female"
"138","khaadi","female","kameezshalwar_unstitched","Blue Hues","2090","1460","https://pk.khaadi.com/l21334-blue-l21334-blue-pk.html","https://pk.khaadi.com/media/catalog/product/l/2/l21334_blue_1_1.jpg?width=300&height=&canvas=300:&quality=80&bg-color=255,255,255&fit=bounds","https://pk.khaadi.com/media/catalog/product/l/2/l21334_blue_2_1.jpg?width=300&height=&canvas=300:&quality=80&bg-color=255,255,255&fit=bounds","5","avb","2021-10-23",NULL,"1","5","1","khaadi female kameezshalwar_unstitched Blue Hues female"
"139","khaadi","female","kameezshalwar_unstitched","Muted Rule","2090","1460","https://pk.khaadi.com/l21334-yellow-l21334-yellow-pk.html","https://pk.khaadi.com/media/catalog/product/l/2/l21334_yellow_1_1.jpg?width=300&height=&canvas=300:&quality=80&bg-color=255,255,255&fit=bounds","https://pk.khaadi.com/media/catalog/product/l/2/l21334_yellow_2_1.jpg?width=300&height=&canvas=300:&quality=80&bg-color=255,255,255&fit=bounds","5","avb","2021-10-23",NULL,"1","5","1","khaadi female kameezshalwar_unstitched Muted Rule female"
"140","khaadi","female","kameezshalwar_unstitched","Kameez Dupatta","2090","1460","https://pk.khaadi.com/l21337-blue-l21337-blue-pk.html","https://pk.khaadi.com/media/catalog/product/l/2/l21337_blue_1_1.jpg?width=300&height=&canvas=300:&quality=80&bg-color=255,255,255&fit=bounds","https://pk.khaadi.com/media/catalog/product/l/2/l21337_blue_2_1.jpg?width=300&height=&canvas=300:&quality=80&bg-color=255,255,255&fit=bounds","5","avb","2021-10-23",NULL,"1","5","1","khaadi female kameezshalwar_unstitched Kameez Dupatta female"
"141","khaadi","female","kameezshalwar_unstitched","Serenity","2090","1460","https://pk.khaadi.com/l21339-off-white-l21339-off-white-pk.html","https://pk.khaadi.com/media/catalog/product/l/2/l21339_off-white_1_1.jpg?width=300&height=&canvas=300:&quality=80&bg-color=255,255,255&fit=bounds","https://pk.khaadi.com/media/catalog/product/l/2/l21339_off-white_2_1.jpg?width=300&height=&canvas=300:&quality=80&bg-color=255,255,255&fit=bounds","5","avb","2021-10-23",NULL,"1","5","1","khaadi female kameezshalwar_unstitched Serenity female"
"142","khaadi","female","kameezshalwar_unstitched","Kameez Dupatta","2190","1530","https://pk.khaadi.com/l21351-grey-l21351-grey-pk.html","https://pk.khaadi.com/media/catalog/product/l/2/l21351_grey_1_5.jpg?width=300&height=&canvas=300:&quality=80&bg-color=255,255,255&fit=bounds","https://pk.khaadi.com/media/catalog/product/l/2/l21351_grey_2_5.jpg?width=300&height=&canvas=300:&quality=80&bg-color=255,255,255&fit=bounds","5","avb","2021-10-23",NULL,"1","5","1","khaadi female kameezshalwar_unstitched Kameez Dupatta female"
"143","khaadi","female","kameezshalwar_unstitched","Kameez Dupatta","2190","1530","https://pk.khaadi.com/l21351-off-white-l21351-off-white-pk.html","https://pk.khaadi.com/media/catalog/product/l/2/l21351_off-white_1_10.jpg?width=300&height=&canvas=300:&quality=80&bg-color=255,255,255&fit=bounds","https://pk.khaadi.com/media/catalog/product/l/2/l21351_off-white_2_10.jpg?width=300&height=&canvas=300:&quality=80&bg-color=255,255,255&fit=bounds","5","avb","2021-10-23",NULL,"1","5","1","khaadi female kameezshalwar_unstitched Kameez Dupatta female"
"144","khaadi","female","kameezshalwar_unstitched","Kameez Dupatta","2190","1530","https://pk.khaadi.com/l21390-blue-l21390-blue-pk.html","https://pk.khaadi.com/media/catalog/product/l/2/l21390_blue_1_2.jpg?width=300&height=&canvas=300:&quality=80&bg-color=255,255,255&fit=bounds","https://pk.khaadi.com/media/catalog/product/l/2/l21390_blue_2_2.jpg?width=300&height=&canvas=300:&quality=80&bg-color=255,255,255&fit=bounds","5","avb","2021-10-23",NULL,"1","5","1","khaadi female kameezshalwar_unstitched Kameez Dupatta female"
"145","khaadi","female","kameezshalwar_unstitched","Kameez Dupatta","2190","1530","https://pk.khaadi.com/l21391-green-l21391-green-pk.html","https://pk.khaadi.com/media/catalog/product/l/2/l21391_green_1_2.jpg?width=300&height=&canvas=300:&quality=80&bg-color=255,255,255&fit=bounds","https://pk.khaadi.com/media/catalog/product/l/2/l21391_green_1_2.jpg?width=300&height=&canvas=300:&quality=80&bg-color=255,255,255&fit=bounds","5","avb","2021-10-23",NULL,"1","5","1","khaadi female kameezshalwar_unstitched Kameez Dupatta female"
"146","khaadi","female","kameezshalwar_unstitched","Kameez Dupatta","2190","1530","https://pk.khaadi.com/l21393-white-l21393-white-pk.html","https://pk.khaadi.com/media/catalog/product/l/2/l21393_white_1_2.jpg?width=300&height=&canvas=300:&quality=80&bg-color=255,255,255&fit=bounds","https://pk.khaadi.com/media/catalog/product/l/2/l21393_white_2_2.jpg?width=300&height=&canvas=300:&quality=80&bg-color=255,255,255&fit=bounds","5","avb","2021-10-23",NULL,"1","5","1","khaadi female kameezshalwar_unstitched Kameez Dupatta female"
"147","khaadi","female","kameezshalwar_unstitched","Kameez Dupatta","3090","2160","https://pk.khaadi.com/m21301-off-white-m21301-off-white-pk.html","https://pk.khaadi.com/media/catalog/product/m/2/m21301_off-white_1.jpg?width=300&height=&canvas=300:&quality=80&bg-color=255,255,255&fit=bounds","https://pk.khaadi.com/media/catalog/product/m/2/m21301_off-white_2.jpg?width=300&height=&canvas=300:&quality=80&bg-color=255,255,255&fit=bounds","5","avb","2021-10-23",NULL,"1","5","1","khaadi female kameezshalwar_unstitched Kameez Dupatta female"
"148","khaadi","female","kameezshalwar_unstitched","Blue Bells","2690","1880","https://pk.khaadi.com/m21303-blue-m21303-blue-pk.html","https://pk.khaadi.com/media/catalog/product/m/2/m21303_blue_1_1.jpg?width=300&height=&canvas=300:&quality=80&bg-color=255,255,255&fit=bounds","https://pk.khaadi.com/media/catalog/product/m/2/m21303_blue_2_1.jpg?width=300&height=&canvas=300:&quality=80&bg-color=255,255,255&fit=bounds","5","avb","2021-10-23",NULL,"1","5","1","khaadi female kameezshalwar_unstitched Blue Bells female"
"149","khaadi","female","kameezshalwar_unstitched","Chevron Beauty","2690","1880","https://pk.khaadi.com/m21303-grey-m21303-grey-pk.html","https://pk.khaadi.com/media/catalog/product/m/2/m21303_grey_1_1.jpg?width=300&height=&canvas=300:&quality=80&bg-color=255,255,255&fit=bounds","https://pk.khaadi.com/media/catalog/product/m/2/m21303_grey_2_1.jpg?width=300&height=&canvas=300:&quality=80&bg-color=255,255,255&fit=bounds","5","avb","2021-10-23",NULL,"1","5","1","khaadi female kameezshalwar_unstitched Chevron Beauty female"
"150","khaadi","female","kameezshalwar_unstitched","Kameez Pants","2590","1810","https://pk.khaadi.com/i21310-black-i21310-black-pk.html","https://pk.khaadi.com/media/catalog/product/i/2/i21310_black_1.jpg?width=300&height=&canvas=300:&quality=80&bg-color=255,255,255&fit=bounds","https://pk.khaadi.com/media/catalog/product/i/2/i21310_black_2.jpg?width=300&height=&canvas=300:&quality=80&bg-color=255,255,255&fit=bounds","5","avb","2021-10-23",NULL,"1","5","1","khaadi female kameezshalwar_unstitched Kameez Pants female"
"151","khaadi","female","kameezshalwar_unstitched","Full Suit","2590","1810","https://pk.khaadi.com/a21332-off-white-a21332-off-white-pk.html","https://pk.khaadi.com/media/catalog/product/a/2/a21332_off-white_1_2.jpg?width=300&height=&canvas=300:&quality=80&bg-color=255,255,255&fit=bounds","https://pk.khaadi.com/media/catalog/product/a/2/a21332_off-white_2_2.jpg?width=300&height=&canvas=300:&quality=80&bg-color=255,255,255&fit=bounds","5","avb","2021-10-23",NULL,"1","5","1","khaadi female kameezshalwar_unstitched Full Suit female"
"152","khaadi","female","kameezshalwar_unstitched","Kameez Dupatta","2190","1530","https://pk.khaadi.com/l21338-blue-l21338-blue-pk.html","https://pk.khaadi.com/media/catalog/product/l/2/l21338_blue_1.jpg?width=300&height=&canvas=300:&quality=80&bg-color=255,255,255&fit=bounds","https://pk.khaadi.com/media/catalog/product/l/2/l21338_blue_2.jpg?width=300&height=&canvas=300:&quality=80&bg-color=255,255,255&fit=bounds","5","avb","2021-10-23",NULL,"1","5","1","khaadi female kameezshalwar_unstitched Kameez Dupatta female"
