brand_id,brand_name,category_id,category_name,date,gender_category,gender_id,image_link,image_link2,overview,price,product_link,rating,sale_price,status,title
1,khaadi,4,kameezshalwar_stitched,2021-09-15,female,1,"https://pk.khaadi.com/media/catalog/product/k/f/kfb20201_white_1_19.jpg?width=300&height=&canvas=300:&quality=80&bg-color=255,255,255&fit=bounds","https://pk.khaadi.com/media/catalog/product/k/f/kfb20201_white_1_19.jpg?width=300&height=&canvas=300:&quality=80&bg-color=255,255,255&fit=bounds",khaadi female kameezshalwar_stitched Khaas Shalwar female,"PKR 4,990",https://pk.khaadi.com/kfb20201-white-kfb20201-white-pk.html,Good,"PKR 2,500",avb,Khaas Shalwar
1,khaadi,4,kameezshalwar_stitched,2021-09-15,female,1,"https://pk.khaadi.com/media/catalog/product/c/t/ctp20208_off-white_1_7.jpg?width=300&height=&canvas=300:&quality=80&bg-color=255,255,255&fit=bounds","https://pk.khaadi.com/media/catalog/product/c/t/ctp20208_off-white_1_7.jpg?width=300&height=&canvas=300:&quality=80&bg-color=255,255,255&fit=bounds",khaadi female kameezshalwar_stitched Kurta female,"PKR 3,490",https://pk.khaadi.com/ctp20208-off-white-ctp20208-off-white-pk.html,Good,"PKR 1,745",avb,Kurta
1,khaadi,4,kameezshalwar_stitched,2021-09-15,female,1,"https://pk.khaadi.com/media/catalog/product/c/t/ctp20208_white_1_7.jpg?width=300&height=&canvas=300:&quality=80&bg-color=255,255,255&fit=bounds","https://pk.khaadi.com/media/catalog/product/c/t/ctp20208_white_1_7.jpg?width=300&height=&canvas=300:&quality=80&bg-color=255,255,255&fit=bounds",khaadi female kameezshalwar_stitched Kurta female,"PKR 3,490",https://pk.khaadi.com/ctp20208-white-ctp20208-white-pk.html,Good,"PKR 1,745",avb,Kurta
1,khaadi,4,kameezshalwar_stitched,2021-09-15,female,1,"https://pk.khaadi.com/media/catalog/product/e/t/etb20311_beige_1.jpg?width=300&height=&canvas=300:&quality=80&bg-color=255,255,255&fit=bounds","https://pk.khaadi.com/media/catalog/product/e/t/etb20311_beige_1.jpg?width=300&height=&canvas=300:&quality=80&bg-color=255,255,255&fit=bounds",khaadi female kameezshalwar_stitched Kurta female,"PKR 2,490",https://pk.khaadi.com/etb20311-beige-etb20311-beige-pk.html,Good,"PKR 1,245",avb,Kurta
1,khaadi,4,kameezshalwar_stitched,2021-09-15,female,1,"https://pk.khaadi.com/media/catalog/product/e/t/etp20312_red_1_1.jpg?width=300&height=&canvas=300:&quality=80&bg-color=255,255,255&fit=bounds","https://pk.khaadi.com/media/catalog/product/e/t/etp20312_red_1_1.jpg?width=300&height=&canvas=300:&quality=80&bg-color=255,255,255&fit=bounds",khaadi female kameezshalwar_stitched Kurta female,"PKR 4,490",https://pk.khaadi.com/etp20312-red-etp20312-red-pk.html,Good,"PKR 2,245",avb,Kurta
1,khaadi,4,kameezshalwar_stitched,2021-09-15,female,1,"https://pk.khaadi.com/media/catalog/product/c/k/ckde20132s_green_1_12.jpg?width=300&height=&canvas=300:&quality=80&bg-color=255,255,255&fit=bounds","https://pk.khaadi.com/media/catalog/product/c/k/ckde20132s_green_1_12.jpg?width=300&height=&canvas=300:&quality=80&bg-color=255,255,255&fit=bounds",khaadi female kameezshalwar_stitched Dupatta female,PKR 990,https://pk.khaadi.com/ckde20132s-green-ckde20132s-green-pk.html,Good,PKR 790,avb,Dupatta
1,khaadi,4,kameezshalwar_stitched,2021-09-15,female,1,"https://pk.khaadi.com/media/catalog/product/e/e/ee3pp21103s_green_1_1.jpg?width=300&height=&canvas=300:&quality=80&bg-color=255,255,255&fit=bounds","https://pk.khaadi.com/media/catalog/product/e/e/ee3pp21103s_green_1_1.jpg?width=300&height=&canvas=300:&quality=80&bg-color=255,255,255&fit=bounds",khaadi female kameezshalwar_stitched Dupatta female,"PKR 1,090",https://pk.khaadi.com/ee3pp21103s-green-ee3pp21103s-green-pk.html,Good,PKR 870,avb,Dupatta
1,khaadi,4,kameezshalwar_stitched,2021-09-15,female,1,"https://pk.khaadi.com/media/catalog/product/e/e/eekdp21101d_blue_1.jpg?width=300&height=&canvas=300:&quality=80&bg-color=255,255,255&fit=bounds","https://pk.khaadi.com/media/catalog/product/e/e/eekdp21101d_blue_1.jpg?width=300&height=&canvas=300:&quality=80&bg-color=255,255,255&fit=bounds",khaadi female kameezshalwar_stitched Dupatta female,"PKR 1,090",https://pk.khaadi.com/eekdp21101d-blue-eekdp21101d-blue-pk.html,Good,PKR 870,avb,Dupatta
1,khaadi,4,kameezshalwar_stitched,2021-09-15,female,1,"https://pk.khaadi.com/media/catalog/product/e/e/eekdpe21201s_grey_1_4.jpg?width=300&height=&canvas=300:&quality=80&bg-color=255,255,255&fit=bounds","https://pk.khaadi.com/media/catalog/product/e/e/eekdpe21201s_grey_1_4.jpg?width=300&height=&canvas=300:&quality=80&bg-color=255,255,255&fit=bounds",khaadi female kameezshalwar_stitched Dupatta female,"PKR 1,190",https://pk.khaadi.com/eekdpe21201s-grey-eekdpe21201s-grey-pk.html,Good,PKR 950,avb,Dupatta
1,khaadi,4,kameezshalwar_stitched,2021-09-15,female,1,"https://pk.khaadi.com/media/catalog/product/e/e/eepe21105_blue_1.jpg?width=300&height=&canvas=300:&quality=80&bg-color=255,255,255&fit=bounds","https://pk.khaadi.com/media/catalog/product/e/e/eepe21105_blue_1.jpg?width=300&height=&canvas=300:&quality=80&bg-color=255,255,255&fit=bounds",khaadi female kameezshalwar_stitched Pants female,"PKR 1,490",https://pk.khaadi.com/eepe21105-blue-eepe21105-blue-pk.html,Good,"PKR 1,190",avb,Pants
1,khaadi,4,kameezshalwar_stitched,2021-09-15,female,1,"https://pk.khaadi.com/media/catalog/product/e/e/eepe21224_beige_1_1.jpg?width=300&height=&canvas=300:&quality=80&bg-color=255,255,255&fit=bounds","https://pk.khaadi.com/media/catalog/product/e/e/eepe21224_beige_1_1.jpg?width=300&height=&canvas=300:&quality=80&bg-color=255,255,255&fit=bounds",khaadi female kameezshalwar_stitched Pants female,"PKR 1,490",https://pk.khaadi.com/eepe21224-beige-eepe21224-beige-pk.html,Good,"PKR 1,190",avb,Pants
1,khaadi,4,kameezshalwar_stitched,2021-09-15,female,1,"https://pk.khaadi.com/media/catalog/product/e/e/eete21104_white_1_5.jpg?width=300&height=&canvas=300:&quality=80&bg-color=255,255,255&fit=bounds","https://pk.khaadi.com/media/catalog/product/e/e/eete21104_white_1_5.jpg?width=300&height=&canvas=300:&quality=80&bg-color=255,255,255&fit=bounds",khaadi female kameezshalwar_stitched Kurta female,"PKR 2,290",https://pk.khaadi.com/eete21104-white-eete21104-white-pk.html,Good,"PKR 1,830",avb,Kurta
1,khaadi,4,kameezshalwar_stitched,2021-09-15,female,1,"https://pk.khaadi.com/media/catalog/product/e/e/eete21316b_yellow_1.jpg?width=300&height=&canvas=300:&quality=80&bg-color=255,255,255&fit=bounds","https://pk.khaadi.com/media/catalog/product/e/e/eete21316b_yellow_1.jpg?width=300&height=&canvas=300:&quality=80&bg-color=255,255,255&fit=bounds",khaadi female kameezshalwar_stitched Shalwar female,"PKR 1,390",https://pk.khaadi.com/eete21316b-yellow-eete21316b-yellow-pk.html,Good,"PKR 1,110",avb,Shalwar
1,khaadi,4,kameezshalwar_stitched,2021-09-15,female,1,"https://pk.khaadi.com/media/catalog/product/e/e/eete21319_blue_1_1.jpg?width=300&height=&canvas=300:&quality=80&bg-color=255,255,255&fit=bounds","https://pk.khaadi.com/media/catalog/product/e/e/eete21319_blue_1_1.jpg?width=300&height=&canvas=300:&quality=80&bg-color=255,255,255&fit=bounds",khaadi female kameezshalwar_stitched Kurta female,"PKR 2,290",https://pk.khaadi.com/eete21319-blue-eete21319-blue-pk.html,Good,"PKR 1,830",avb,Kurta
1,khaadi,4,kameezshalwar_stitched,2021-09-15,female,1,"https://pk.khaadi.com/media/catalog/product/e/e/eetp21103_brown_1.jpg?width=300&height=&canvas=300:&quality=80&bg-color=255,255,255&fit=bounds","https://pk.khaadi.com/media/catalog/product/e/e/eetp21103_brown_1.jpg?width=300&height=&canvas=300:&quality=80&bg-color=255,255,255&fit=bounds",khaadi female kameezshalwar_stitched Kurta female,"PKR 1,890",https://pk.khaadi.com/eetp21103-brown-eetp21103-brown-pk.html,Good,"PKR 1,510",avb,Kurta
1,khaadi,4,kameezshalwar_stitched,2021-09-15,female,1,"https://pk.khaadi.com/media/catalog/product/e/e/eetp21111_white_1_1.jpg?width=300&height=&canvas=300:&quality=80&bg-color=255,255,255&fit=bounds","https://pk.khaadi.com/media/catalog/product/e/e/eetp21111_white_1_1.jpg?width=300&height=&canvas=300:&quality=80&bg-color=255,255,255&fit=bounds",khaadi female kameezshalwar_stitched Kurta female,"PKR 2,290",https://pk.khaadi.com/eetp21111-white-eetp21111-white-pk.html,Good,"PKR 1,830",avb,Kurta
1,khaadi,4,kameezshalwar_stitched,2021-09-15,female,1,"https://pk.khaadi.com/media/catalog/product/e/e/eetp21210_blue_1_4.jpg?width=300&height=&canvas=300:&quality=80&bg-color=255,255,255&fit=bounds","https://pk.khaadi.com/media/catalog/product/e/e/eetp21210_blue_1_4.jpg?width=300&height=&canvas=300:&quality=80&bg-color=255,255,255&fit=bounds",khaadi female kameezshalwar_stitched Kurta female,"PKR 2,190",https://pk.khaadi.com/eetp21210-blue-eetp21210-blue-pk.html,Good,"PKR 1,750",avb,Kurta
1,khaadi,4,kameezshalwar_stitched,2021-09-15,female,1,"https://pk.khaadi.com/media/catalog/product/e/e/eetpe21186_beige_1_1.jpg?width=300&height=&canvas=300:&quality=80&bg-color=255,255,255&fit=bounds","https://pk.khaadi.com/media/catalog/product/e/e/eetpe21186_beige_1_1.jpg?width=300&height=&canvas=300:&quality=80&bg-color=255,255,255&fit=bounds",khaadi female kameezshalwar_stitched Kurta female,"PKR 2,990",https://pk.khaadi.com/eetpe21186-beige-eetpe21186-beige-pk.html,Good,"PKR 2,390",avb,Kurta
1,khaadi,4,kameezshalwar_stitched,2021-09-15,female,1,"https://pk.khaadi.com/media/catalog/product/e/e/eetpe21209_purple_1.jpg?width=300&height=&canvas=300:&quality=80&bg-color=255,255,255&fit=bounds","https://pk.khaadi.com/media/catalog/product/e/e/eetpe21209_purple_1.jpg?width=300&height=&canvas=300:&quality=80&bg-color=255,255,255&fit=bounds",khaadi female kameezshalwar_stitched Kurta female,"PKR 2,790",https://pk.khaadi.com/eetpe21209-purple-eetpe21209-purple-pk.html,Good,"PKR 2,230",avb,Kurta
1,khaadi,4,kameezshalwar_stitched,2021-09-15,female,1,"https://pk.khaadi.com/media/catalog/product/e/e/eetpe21211_green_1_5.jpg?width=300&height=&canvas=300:&quality=80&bg-color=255,255,255&fit=bounds","https://pk.khaadi.com/media/catalog/product/e/e/eetpe21211_green_1_5.jpg?width=300&height=&canvas=300:&quality=80&bg-color=255,255,255&fit=bounds",khaadi female kameezshalwar_stitched Kurta female,"PKR 2,290",https://pk.khaadi.com/eetpe21211-green-eetpe21211-green-pk.html,Good,"PKR 1,830",avb,Kurta
1,khaadi,5,kameezshalwar_unstitched,2021-09-15,female,1,"https://pk.khaadi.com/media/catalog/product/a/2/a2103002_green_1.jpg?width=300&height=&canvas=300:&quality=80&bg-color=255,255,255&fit=bounds","https://pk.khaadi.com/media/catalog/product/a/2/a2103002_green_1.jpg?width=300&height=&canvas=300:&quality=80&bg-color=255,255,255&fit=bounds",khaadi female kameezshalwar_unstitched Full Suit female,"PKR 2,490",https://pk.khaadi.com/a2103002-green-a2103002-green-pk.html,Good,"PKR 1,740",avb,Full Suit
1,khaadi,5,kameezshalwar_unstitched,2021-09-15,female,1,"https://pk.khaadi.com/media/catalog/product/i/2/i21206_blue_1.jpg?width=300&height=&canvas=300:&quality=80&bg-color=255,255,255&fit=bounds","https://pk.khaadi.com/media/catalog/product/i/2/i21206_blue_1.jpg?width=300&height=&canvas=300:&quality=80&bg-color=255,255,255&fit=bounds",khaadi female kameezshalwar_unstitched Kameez Pants female,"PKR 2,290",https://pk.khaadi.com/i21206-blue-i21206-blue-pk.html,Good,"PKR 1,600",avb,Kameez Pants
1,khaadi,5,kameezshalwar_unstitched,2021-09-15,female,1,"https://pk.khaadi.com/media/catalog/product/i/2/i21206_brown_1.jpg?width=300&height=&canvas=300:&quality=80&bg-color=255,255,255&fit=bounds","https://pk.khaadi.com/media/catalog/product/i/2/i21206_brown_1.jpg?width=300&height=&canvas=300:&quality=80&bg-color=255,255,255&fit=bounds",khaadi female kameezshalwar_unstitched Kameez Pants female,"PKR 2,290",https://pk.khaadi.com/i21206-brown-i21206-brown-pk.html,Good,"PKR 1,600",avb,Kameez Pants
1,khaadi,10,accessories,2021-09-15,female,1,"https://pk.khaadi.com/media/catalog/product/a/f/afwf21218_silver_1.jpg?width=300&height=&canvas=300:&quality=80&bg-color=255,255,255&fit=bounds","https://pk.khaadi.com/media/catalog/product/a/f/afwf21218_silver_1.jpg?width=300&height=&canvas=300:&quality=80&bg-color=255,255,255&fit=bounds",khaadi female accessories Kohlapuri female,"PKR 2,190",https://pk.khaadi.com/afwf21218-silver-afwf21218-silver-pk.html,Good,"PKR 1,530",avb,Kohlapuri
1,khaadi,5,kameezshalwar_unstitched,2021-09-15,female,1,"https://pk.khaadi.com/media/catalog/product/i/2/i21208_blue_1_12.jpg?width=300&height=&canvas=300:&quality=80&bg-color=255,255,255&fit=bounds","https://pk.khaadi.com/media/catalog/product/i/2/i21208_blue_1_12.jpg?width=300&height=&canvas=300:&quality=80&bg-color=255,255,255&fit=bounds",khaadi female kameezshalwar_unstitched Kameez Pants female,"PKR 2,090",https://pk.khaadi.com/i21208-blue-i21208-blue-pk.html,Good,"PKR 1,460",avb,Kameez Pants
1,khaadi,10,accessories,2021-09-15,female,1,"https://pk.khaadi.com/media/catalog/product/a/f/afwf21208_white_1_1.jpg?width=300&height=&canvas=300:&quality=80&bg-color=255,255,255&fit=bounds","https://pk.khaadi.com/media/catalog/product/a/f/afwf21208_white_1_1.jpg?width=300&height=&canvas=300:&quality=80&bg-color=255,255,255&fit=bounds",khaadi female accessories Kohlapuri female,"PKR 1,990",https://pk.khaadi.com/afwf21208-white-afwf21208-white-pk.html,Good,"PKR 1,390",avb,Kohlapuri
1,khaadi,5,kameezshalwar_unstitched,2021-09-15,female,1,"https://pk.khaadi.com/media/catalog/product/i/2/i21209_beige_1_12.jpg?width=300&height=&canvas=300:&quality=80&bg-color=255,255,255&fit=bounds","https://pk.khaadi.com/media/catalog/product/i/2/i21209_beige_1_12.jpg?width=300&height=&canvas=300:&quality=80&bg-color=255,255,255&fit=bounds",khaadi female kameezshalwar_unstitched Kameez Pants female,"PKR 2,390",https://pk.khaadi.com/i21209-beige-i21209-beige-pk.html,Good,"PKR 1,670",avb,Kameez Pants
1,khaadi,10,accessories,2021-09-15,female,1,"https://pk.khaadi.com/media/catalog/product/a/f/afwf21224_brown_1.jpg?width=300&height=&canvas=300:&quality=80&bg-color=255,255,255&fit=bounds","https://pk.khaadi.com/media/catalog/product/a/f/afwf21224_brown_1.jpg?width=300&height=&canvas=300:&quality=80&bg-color=255,255,255&fit=bounds",khaadi female accessories Khussa Slipper female,"PKR 1,990",https://pk.khaadi.com/afwf21224-brown-afwf21224-brown-pk.html,Good,"PKR 1,390",avb,Khussa Slipper
1,khaadi,4,kameezshalwar_stitched,2021-09-15,female,1,"https://pk.khaadi.com/media/catalog/product/e/e/eetpe21209_purple_1.jpg?width=300&height=&canvas=300:&quality=80&bg-color=255,255,255&fit=bounds","https://pk.khaadi.com/media/catalog/product/e/e/eetpe21209_purple_1.jpg?width=300&height=&canvas=300:&quality=80&bg-color=255,255,255&fit=bounds",khaadi female kameezshalwar_stitched Kurta female,"PKR 2,790",https://pk.khaadi.com/eetpe21209-purple-eetpe21209-purple-pk.html,Good,"PKR 2,230",avb,Kurta
1,khaadi,5,kameezshalwar_unstitched,2021-09-15,female,1,"https://pk.khaadi.com/media/catalog/product/i/2/i21209_green_1_12.jpg?width=300&height=&canvas=300:&quality=80&bg-color=255,255,255&fit=bounds","https://pk.khaadi.com/media/catalog/product/i/2/i21209_green_1_12.jpg?width=300&height=&canvas=300:&quality=80&bg-color=255,255,255&fit=bounds",khaadi female kameezshalwar_unstitched Kameez Pants female,"PKR 2,390",https://pk.khaadi.com/i21209-green-i21209-green-pk.html,Good,"PKR 1,670",avb,Kameez Pants
1,khaadi,10,accessories,2021-09-15,female,1,"https://pk.khaadi.com/media/catalog/product/a/h/ahhb21211_black_1.jpg?width=300&height=&canvas=300:&quality=80&bg-color=255,255,255&fit=bounds","https://pk.khaadi.com/media/catalog/product/a/h/ahhb21211_black_1.jpg?width=300&height=&canvas=300:&quality=80&bg-color=255,255,255&fit=bounds",khaadi female accessories Headband female,PKR 410,https://pk.khaadi.com/ahhb21211-black-ahhb21211-black-pk.html,Good,PKR 285,avb,Headband
1,khaadi,4,kameezshalwar_stitched,2021-09-15,female,1,"https://pk.khaadi.com/media/catalog/product/e/e/eetpe21211_green_1_5.jpg?width=300&height=&canvas=300:&quality=80&bg-color=255,255,255&fit=bounds","https://pk.khaadi.com/media/catalog/product/e/e/eetpe21211_green_1_5.jpg?width=300&height=&canvas=300:&quality=80&bg-color=255,255,255&fit=bounds",khaadi female kameezshalwar_stitched Kurta female,"PKR 2,290",https://pk.khaadi.com/eetpe21211-green-eetpe21211-green-pk.html,Good,"PKR 1,830",avb,Kurta
1,khaadi,5,kameezshalwar_unstitched,2021-09-15,female,1,"https://pk.khaadi.com/media/catalog/product/i/2/i21210_white_1.jpg?width=300&height=&canvas=300:&quality=80&bg-color=255,255,255&fit=bounds","https://pk.khaadi.com/media/catalog/product/i/2/i21210_white_1.jpg?width=300&height=&canvas=300:&quality=80&bg-color=255,255,255&fit=bounds",khaadi female kameezshalwar_unstitched Kameez Pants female,"PKR 2,390",https://pk.khaadi.com/i21210-white-i21210-white-pk.html,Good,"PKR 1,670",avb,Kameez Pants
1,khaadi,10,accessories,2021-09-15,female,1,"https://pk.khaadi.com/media/catalog/product/a/h/aht21201_green_1.jpg?width=300&height=&canvas=300:&quality=80&bg-color=255,255,255&fit=bounds","https://pk.khaadi.com/media/catalog/product/a/h/aht21201_green_1.jpg?width=300&height=&canvas=300:&quality=80&bg-color=255,255,255&fit=bounds",khaadi female accessories Hair Tie female,PKR 140,https://pk.khaadi.com/aht21201-green-aht21201-green-pk.html,Good,PKR 98,avb,Hair Tie
1,khaadi,4,kameezshalwar_stitched,2021-09-15,female,1,"https://pk.khaadi.com/media/catalog/product/e/e/eets21201_white_1_1.jpg?width=300&height=&canvas=300:&quality=80&bg-color=255,255,255&fit=bounds","https://pk.khaadi.com/media/catalog/product/e/e/eets21201_white_1_1.jpg?width=300&height=&canvas=300:&quality=80&bg-color=255,255,255&fit=bounds",khaadi female kameezshalwar_stitched Kurta female,"PKR 2,390",https://pk.khaadi.com/eets21201-white-eets21201-white-pk.html,Good,"PKR 1,910",avb,Kurta
1,khaadi,5,kameezshalwar_unstitched,2021-09-15,female,1,"https://pk.khaadi.com/media/catalog/product/i/2/i21211_off-white_1_12.jpg?width=300&height=&canvas=300:&quality=80&bg-color=255,255,255&fit=bounds","https://pk.khaadi.com/media/catalog/product/i/2/i21211_off-white_1_12.jpg?width=300&height=&canvas=300:&quality=80&bg-color=255,255,255&fit=bounds",khaadi female kameezshalwar_unstitched Kameez Pants female,"PKR 2,490",https://pk.khaadi.com/i21211-off-white-i21211-off-white-pk.html,Good,"PKR 1,740",avb,Kameez Pants
1,khaadi,10,accessories,2021-09-15,female,1,"https://pk.khaadi.com/media/catalog/product/a/h/ahhb21108_blue_1.jpg?width=300&height=&canvas=300:&quality=80&bg-color=255,255,255&fit=bounds","https://pk.khaadi.com/media/catalog/product/a/h/ahhb21108_blue_1.jpg?width=300&height=&canvas=300:&quality=80&bg-color=255,255,255&fit=bounds",khaadi female accessories Headband female,PKR 390,https://pk.khaadi.com/ahhb21108-blue-ahhb21108-blue-pk.html,Good,PKR 272,avb,Headband
1,khaadi,4,kameezshalwar_stitched,2021-09-15,female,1,"https://pk.khaadi.com/media/catalog/product/e/e/eette21206_black_1_6.jpg?width=300&height=&canvas=300:&quality=80&bg-color=255,255,255&fit=bounds","https://pk.khaadi.com/media/catalog/product/e/e/eette21206_black_1_6.jpg?width=300&height=&canvas=300:&quality=80&bg-color=255,255,255&fit=bounds",khaadi female kameezshalwar_stitched Tights female,PKR 790,https://pk.khaadi.com/eette21206-black-eette21206-black-pk.html,Good,PKR 630,avb,Tights
1,khaadi,5,kameezshalwar_unstitched,2021-09-15,female,1,"https://pk.khaadi.com/media/catalog/product/i/2/i21211_white_1_12.jpg?width=300&height=&canvas=300:&quality=80&bg-color=255,255,255&fit=bounds","https://pk.khaadi.com/media/catalog/product/i/2/i21211_white_1_12.jpg?width=300&height=&canvas=300:&quality=80&bg-color=255,255,255&fit=bounds",khaadi female kameezshalwar_unstitched Kameez Pants female,"PKR 2,490",https://pk.khaadi.com/i21211-white-i21211-white-pk.html,Good,"PKR 1,740",avb,Kameez Pants
1,khaadi,10,accessories,2021-09-15,female,1,"https://pk.khaadi.com/media/catalog/product/a/h/ahhb21104_blue_1.jpg?width=300&height=&canvas=300:&quality=80&bg-color=255,255,255&fit=bounds","https://pk.khaadi.com/media/catalog/product/a/h/ahhb21104_blue_1.jpg?width=300&height=&canvas=300:&quality=80&bg-color=255,255,255&fit=bounds",khaadi female accessories Headband female,PKR 390,https://pk.khaadi.com/ahhb21104-blue-ahhb21104-blue-pk.html,Good,PKR 272,avb,Headband
1,khaadi,4,kameezshalwar_stitched,2021-09-15,female,1,"https://pk.khaadi.com/media/catalog/product/e/e/eette21208_beige_1.jpg?width=300&height=&canvas=300:&quality=80&bg-color=255,255,255&fit=bounds","https://pk.khaadi.com/media/catalog/product/e/e/eette21208_beige_1.jpg?width=300&height=&canvas=300:&quality=80&bg-color=255,255,255&fit=bounds",khaadi female kameezshalwar_stitched Tights female,PKR 790,https://pk.khaadi.com/eette21208-beige-eette21208-beige-pk.html,Good,PKR 630,avb,Tights
1,khaadi,5,kameezshalwar_unstitched,2021-09-15,female,1,"https://pk.khaadi.com/media/catalog/product/i/2/i21213_black_1_12.jpg?width=300&height=&canvas=300:&quality=80&bg-color=255,255,255&fit=bounds","https://pk.khaadi.com/media/catalog/product/i/2/i21213_black_1_12.jpg?width=300&height=&canvas=300:&quality=80&bg-color=255,255,255&fit=bounds",khaadi female kameezshalwar_unstitched Kameez Pants female,"PKR 2,590",https://pk.khaadi.com/i21213-black-i21213-black-pk.html,Good,"PKR 1,810",avb,Kameez Pants
1,khaadi,10,accessories,2021-09-15,female,1,"https://pk.khaadi.com/media/catalog/product/a/h/ahhb21122_multi_1.jpg?width=300&height=&canvas=300:&quality=80&bg-color=255,255,255&fit=bounds","https://pk.khaadi.com/media/catalog/product/a/h/ahhb21122_multi_1.jpg?width=300&height=&canvas=300:&quality=80&bg-color=255,255,255&fit=bounds",khaadi female accessories Headband female,PKR 390,https://pk.khaadi.com/ahhb21122-multi-ahhb21122-multi-pk.html,Good,PKR 272,avb,Headband
1,khaadi,4,kameezshalwar_stitched,2021-09-15,female,1,"https://pk.khaadi.com/media/catalog/product/e/s/eskde21207s_purple_1_1.jpg?width=300&height=&canvas=300:&quality=80&bg-color=255,255,255&fit=bounds","https://pk.khaadi.com/media/catalog/product/e/s/eskde21207s_purple_1_1.jpg?width=300&height=&canvas=300:&quality=80&bg-color=255,255,255&fit=bounds",khaadi female kameezshalwar_stitched Dupatta female,"PKR 1,290",https://pk.khaadi.com/eskde21207s-purple-eskde21207s-purple-pk.html,Good,"PKR 1,030",avb,Dupatta
1,khaadi,5,kameezshalwar_unstitched,2021-09-15,female,1,"https://pk.khaadi.com/media/catalog/product/i/2/i21214_purple_1_12.jpg?width=300&height=&canvas=300:&quality=80&bg-color=255,255,255&fit=bounds","https://pk.khaadi.com/media/catalog/product/i/2/i21214_purple_1_12.jpg?width=300&height=&canvas=300:&quality=80&bg-color=255,255,255&fit=bounds",khaadi female kameezshalwar_unstitched Kameez Pants female,"PKR 2,190",https://pk.khaadi.com/i21214-purple-i21214-purple-pk.html,Good,"PKR 1,530",avb,Kameez Pants
1,khaadi,10,accessories,2021-09-15,female,1,"https://pk.khaadi.com/media/catalog/product/a/f/afwf21202_blue_1_1.jpg?width=300&height=&canvas=300:&quality=80&bg-color=255,255,255&fit=bounds","https://pk.khaadi.com/media/catalog/product/a/f/afwf21202_blue_1_1.jpg?width=300&height=&canvas=300:&quality=80&bg-color=255,255,255&fit=bounds",khaadi female accessories Slides female,"PKR 2,190",https://pk.khaadi.com/afwf21202-blue-afwf21202-blue-pk.html,Good,"PKR 1,530",avb,Slides
1,khaadi,4,kameezshalwar_stitched,2021-09-15,female,1,"https://pk.khaadi.com/media/catalog/product/e/s/eskdp21202s_red_1.jpg?width=300&height=&canvas=300:&quality=80&bg-color=255,255,255&fit=bounds","https://pk.khaadi.com/media/catalog/product/e/s/eskdp21202s_red_1.jpg?width=300&height=&canvas=300:&quality=80&bg-color=255,255,255&fit=bounds",khaadi female kameezshalwar_stitched Dupatta female,"PKR 1,290",https://pk.khaadi.com/eskdp21202s-red-eskdp21202s-red-pk.html,Good,"PKR 1,030",avb,Dupatta
1,khaadi,5,kameezshalwar_unstitched,2021-09-15,female,1,"https://pk.khaadi.com/media/catalog/product/i/2/i21292_white_1_6.jpg?width=300&height=&canvas=300:&quality=80&bg-color=255,255,255&fit=bounds","https://pk.khaadi.com/media/catalog/product/i/2/i21292_white_1_6.jpg?width=300&height=&canvas=300:&quality=80&bg-color=255,255,255&fit=bounds",khaadi female kameezshalwar_unstitched Kameez Pants female,"PKR 2,490",https://pk.khaadi.com/i21292-white-i21292-white-pk.html,Good,"PKR 1,740",avb,Kameez Pants
1,khaadi,10,accessories,2021-09-15,female,1,"https://pk.khaadi.com/media/catalog/product/a/f/afwf21226_multi_1.jpg?width=300&height=&canvas=300:&quality=80&bg-color=255,255,255&fit=bounds","https://pk.khaadi.com/media/catalog/product/a/f/afwf21226_multi_1.jpg?width=300&height=&canvas=300:&quality=80&bg-color=255,255,255&fit=bounds",khaadi female accessories Khussa Slipper female,"PKR 2,190",https://pk.khaadi.com/afwf21226-multi-afwf21226-multi-pk.html,Good,"PKR 1,530",avb,Khussa Slipper
1,khaadi,4,kameezshalwar_stitched,2021-09-15,female,1,"https://pk.khaadi.com/media/catalog/product/e/s/eskdpe21104s_white_1.jpg?width=300&height=&canvas=300:&quality=80&bg-color=255,255,255&fit=bounds","https://pk.khaadi.com/media/catalog/product/e/s/eskdpe21104s_white_1.jpg?width=300&height=&canvas=300:&quality=80&bg-color=255,255,255&fit=bounds",khaadi female kameezshalwar_stitched Dupatta female,"PKR 1,190",https://pk.khaadi.com/eskdpe21104s-white-eskdpe21104s-white-pk.html,Good,PKR 950,avb,Dupatta
1,khaadi,5,kameezshalwar_unstitched,2021-09-15,female,1,"https://pk.khaadi.com/media/catalog/product/i/2/i21293_beige_1.jpg?width=300&height=&canvas=300:&quality=80&bg-color=255,255,255&fit=bounds","https://pk.khaadi.com/media/catalog/product/i/2/i21293_beige_1.jpg?width=300&height=&canvas=300:&quality=80&bg-color=255,255,255&fit=bounds",khaadi female kameezshalwar_unstitched Kameez Pants female,"PKR 2,390",https://pk.khaadi.com/i21293-beige-i21293-beige-pk.html,Good,"PKR 1,670",avb,Kameez Pants
1,khaadi,10,accessories,2021-09-15,female,1,"https://pk.khaadi.com/media/catalog/product/a/f/afwf21209_multi_1.jpg?width=300&height=&canvas=300:&quality=80&bg-color=255,255,255&fit=bounds","https://pk.khaadi.com/media/catalog/product/a/f/afwf21209_multi_1.jpg?width=300&height=&canvas=300:&quality=80&bg-color=255,255,255&fit=bounds",khaadi female accessories Kohlapuri female,"PKR 1,990",https://pk.khaadi.com/afwf21209-multi-afwf21209-multi-pk.html,Good,"PKR 1,390",avb,Kohlapuri
1,khaadi,4,kameezshalwar_stitched,2021-09-15,female,1,"https://pk.khaadi.com/media/catalog/product/e/s/eskdpe21104t_white_1_1.jpg?width=300&height=&canvas=300:&quality=80&bg-color=255,255,255&fit=bounds","https://pk.khaadi.com/media/catalog/product/e/s/eskdpe21104t_white_1_1.jpg?width=300&height=&canvas=300:&quality=80&bg-color=255,255,255&fit=bounds",khaadi female kameezshalwar_stitched Kurta female,"PKR 3,190",https://pk.khaadi.com/eskdpe21104t-white-eskdpe21104t-white-pk.html,Good,"PKR 2,550",avb,Kurta
1,khaadi,5,kameezshalwar_unstitched,2021-09-15,female,1,"https://pk.khaadi.com/media/catalog/product/j/2/j2103042_green_1_4.jpg?width=300&height=&canvas=300:&quality=80&bg-color=255,255,255&fit=bounds","https://pk.khaadi.com/media/catalog/product/j/2/j2103042_green_1_4.jpg?width=300&height=&canvas=300:&quality=80&bg-color=255,255,255&fit=bounds",khaadi female kameezshalwar_unstitched Kameez Pants female,"PKR 1,690",https://pk.khaadi.com/j2103042-green-j2103042-green-pk.html,Good,"PKR 1,180",avb,Kameez Pants
1,khaadi,10,accessories,2021-09-15,female,1,"https://pk.khaadi.com/media/catalog/product/a/f/afwf21204_black_1_1.jpg?width=300&height=&canvas=300:&quality=80&bg-color=255,255,255&fit=bounds","https://pk.khaadi.com/media/catalog/product/a/f/afwf21204_black_1_1.jpg?width=300&height=&canvas=300:&quality=80&bg-color=255,255,255&fit=bounds",khaadi female accessories Slides female,"PKR 2,190",https://pk.khaadi.com/afwf21204-black-afwf21204-black-pk.html,Good,"PKR 1,530",avb,Slides
1,khaadi,4,kameezshalwar_stitched,2021-09-15,female,1,"https://pk.khaadi.com/media/catalog/product/e/s/espe21105_blue_1_2.jpg?width=300&height=&canvas=300:&quality=80&bg-color=255,255,255&fit=bounds","https://pk.khaadi.com/media/catalog/product/e/s/espe21105_blue_1_2.jpg?width=300&height=&canvas=300:&quality=80&bg-color=255,255,255&fit=bounds",khaadi female kameezshalwar_stitched Pants female,"PKR 1,490",https://pk.khaadi.com/espe21105-blue-espe21105-blue-pk.html,Good,"PKR 1,190",avb,Pants
1,khaadi,5,kameezshalwar_unstitched,2021-09-15,female,1,"https://pk.khaadi.com/media/catalog/product/j/2/j2103042_purple_1_4.jpg?width=300&height=&canvas=300:&quality=80&bg-color=255,255,255&fit=bounds","https://pk.khaadi.com/media/catalog/product/j/2/j2103042_purple_1_4.jpg?width=300&height=&canvas=300:&quality=80&bg-color=255,255,255&fit=bounds",khaadi female kameezshalwar_unstitched Kameez Pants female,"PKR 1,690",https://pk.khaadi.com/j2103042-purple-j2103042-purple-pk.html,Good,"PKR 1,180",avb,Kameez Pants
1,khaadi,10,accessories,2021-09-15,female,1,"https://pk.khaadi.com/media/catalog/product/a/f/afwf21218_gold_1_1.jpg?width=300&height=&canvas=300:&quality=80&bg-color=255,255,255&fit=bounds","https://pk.khaadi.com/media/catalog/product/a/f/afwf21218_gold_1_1.jpg?width=300&height=&canvas=300:&quality=80&bg-color=255,255,255&fit=bounds",khaadi female accessories Kohlapuri female,"PKR 2,190",https://pk.khaadi.com/afwf21218-gold-afwf21218-gold-pk.html,Good,"PKR 1,530",avb,Kohlapuri
1,khaadi,4,kameezshalwar_stitched,2021-09-15,female,1,"https://pk.khaadi.com/media/catalog/product/e/s/espe21109_beige_1.jpg?width=300&height=&canvas=300:&quality=80&bg-color=255,255,255&fit=bounds","https://pk.khaadi.com/media/catalog/product/e/s/espe21109_beige_1.jpg?width=300&height=&canvas=300:&quality=80&bg-color=255,255,255&fit=bounds",khaadi female kameezshalwar_stitched Pants female,"PKR 2,190",https://pk.khaadi.com/espe21109-beige-espe21109-beige-pk.html,Good,"PKR 1,750",avb,Pants
1,khaadi,5,kameezshalwar_unstitched,2021-09-15,female,1,"https://pk.khaadi.com/media/catalog/product/j/2/j2103043_yellow_1_4.jpg?width=300&height=&canvas=300:&quality=80&bg-color=255,255,255&fit=bounds","https://pk.khaadi.com/media/catalog/product/j/2/j2103043_yellow_1_4.jpg?width=300&height=&canvas=300:&quality=80&bg-color=255,255,255&fit=bounds",khaadi female kameezshalwar_unstitched Kameez Pants female,"PKR 1,690",https://pk.khaadi.com/j2103043-yellow-j2103043-yellow-pk.html,Good,"PKR 1,180",avb,Kameez Pants
1,khaadi,10,accessories,2021-09-15,female,1,"https://pk.khaadi.com/media/catalog/product/a/h/ahhb21120_yellow_1.jpg?width=300&height=&canvas=300:&quality=80&bg-color=255,255,255&fit=bounds","https://pk.khaadi.com/media/catalog/product/a/h/ahhb21120_yellow_1.jpg?width=300&height=&canvas=300:&quality=80&bg-color=255,255,255&fit=bounds",khaadi female accessories Headband female,PKR 390,https://pk.khaadi.com/ahhb21120-yellow-ahhb21120-yellow-pk.html,Good,PKR 272,avb,Headband
1,khaadi,4,kameezshalwar_stitched,2021-09-15,female,1,"https://pk.khaadi.com/media/catalog/product/e/s/espe21304_beige_1.jpg?width=300&height=&canvas=300:&quality=80&bg-color=255,255,255&fit=bounds","https://pk.khaadi.com/media/catalog/product/e/s/espe21304_beige_1.jpg?width=300&height=&canvas=300:&quality=80&bg-color=255,255,255&fit=bounds",khaadi female kameezshalwar_stitched Pants female,"PKR 2,290",https://pk.khaadi.com/espe21304-beige-espe21304-beige-pk.html,Good,"PKR 1,830",avb,Pants
1,khaadi,5,kameezshalwar_unstitched,2021-09-15,female,1,"https://pk.khaadi.com/media/catalog/product/j/2/j2103044_beige_1_4.jpg?width=300&height=&canvas=300:&quality=80&bg-color=255,255,255&fit=bounds","https://pk.khaadi.com/media/catalog/product/j/2/j2103044_beige_1_4.jpg?width=300&height=&canvas=300:&quality=80&bg-color=255,255,255&fit=bounds",khaadi female kameezshalwar_unstitched Kameez Pants female,"PKR 1,790",https://pk.khaadi.com/j2103044-beige-j2103044-beige-pk.html,Good,"PKR 1,250",avb,Kameez Pants
1,khaadi,4,kameezshalwar_stitched,2021-09-15,female,1,"https://pk.khaadi.com/media/catalog/product/e/s/este21103_blue_1_1.jpg?width=300&height=&canvas=300:&quality=80&bg-color=255,255,255&fit=bounds","https://pk.khaadi.com/media/catalog/product/e/s/este21103_blue_1_1.jpg?width=300&height=&canvas=300:&quality=80&bg-color=255,255,255&fit=bounds",khaadi female kameezshalwar_stitched Kurta female,"PKR 3,690",https://pk.khaadi.com/este21103-blue-este21103-blue-pk.html,Good,"PKR 2,950",avb,Kurta
1,khaadi,5,kameezshalwar_unstitched,2021-09-15,female,1,"https://pk.khaadi.com/media/catalog/product/j/2/j2103048_black_1_4.jpg?width=300&height=&canvas=300:&quality=80&bg-color=255,255,255&fit=bounds","https://pk.khaadi.com/media/catalog/product/j/2/j2103048_black_1_4.jpg?width=300&height=&canvas=300:&quality=80&bg-color=255,255,255&fit=bounds",khaadi female kameezshalwar_unstitched Kameez Pants female,"PKR 1,790",https://pk.khaadi.com/j2103048-black-j2103048-black-pk.html,Good,"PKR 1,250",avb,Kameez Pants
1,khaadi,4,kameezshalwar_stitched,2021-09-15,female,1,"https://pk.khaadi.com/media/catalog/product/e/s/este21104_blue_1_4.jpg?width=300&height=&canvas=300:&quality=80&bg-color=255,255,255&fit=bounds","https://pk.khaadi.com/media/catalog/product/e/s/este21104_blue_1_4.jpg?width=300&height=&canvas=300:&quality=80&bg-color=255,255,255&fit=bounds",khaadi female kameezshalwar_stitched Kurta female,"PKR 3,690",https://pk.khaadi.com/este21104-blue-este21104-blue-pk.html,Good,"PKR 2,950",avb,Kurta
1,khaadi,5,kameezshalwar_unstitched,2021-09-15,female,1,"https://pk.khaadi.com/media/catalog/product/j/2/j21221_white_1.jpg?width=300&height=&canvas=300:&quality=80&bg-color=255,255,255&fit=bounds","https://pk.khaadi.com/media/catalog/product/j/2/j21221_white_1.jpg?width=300&height=&canvas=300:&quality=80&bg-color=255,255,255&fit=bounds",khaadi female kameezshalwar_unstitched Kameez Pants female,"PKR 1,790",https://pk.khaadi.com/j21221-white-j21221-white-pk.html,Good,"PKR 1,250",avb,Kameez Pants
1,khaadi,4,kameezshalwar_stitched,2021-09-15,female,1,"https://pk.khaadi.com/media/catalog/product/e/s/este21114_white_1_12.jpg?width=300&height=&canvas=300:&quality=80&bg-color=255,255,255&fit=bounds","https://pk.khaadi.com/media/catalog/product/e/s/este21114_white_1_12.jpg?width=300&height=&canvas=300:&quality=80&bg-color=255,255,255&fit=bounds",khaadi female kameezshalwar_stitched Kurta female,"PKR 2,990",https://pk.khaadi.com/este21114-white-este21114-white-pk.html,Good,"PKR 2,390",avb,Kurta
1,khaadi,5,kameezshalwar_unstitched,2021-09-15,female,1,"https://pk.khaadi.com/media/catalog/product/j/2/j21225_orange_1.jpg?width=300&height=&canvas=300:&quality=80&bg-color=255,255,255&fit=bounds","https://pk.khaadi.com/media/catalog/product/j/2/j21225_orange_1.jpg?width=300&height=&canvas=300:&quality=80&bg-color=255,255,255&fit=bounds",khaadi female kameezshalwar_unstitched Kameez Pants female,"PKR 1,690",https://pk.khaadi.com/j21225-orange-j21225-orange-pk.html,Good,"PKR 1,180",avb,Kameez Pants
1,khaadi,4,kameezshalwar_stitched,2021-09-15,female,1,"https://pk.khaadi.com/media/catalog/product/e/s/este21201_off-white_1.jpg?width=300&height=&canvas=300:&quality=80&bg-color=255,255,255&fit=bounds","https://pk.khaadi.com/media/catalog/product/e/s/este21201_off-white_1.jpg?width=300&height=&canvas=300:&quality=80&bg-color=255,255,255&fit=bounds",khaadi female kameezshalwar_stitched Kurta female,"PKR 5,490",https://pk.khaadi.com/este21201-off-white-este21201-off-white-pk.html,Good,"PKR 4,390",avb,Kurta
1,khaadi,4,kameezshalwar_stitched,2021-09-15,female,1,"https://pk.khaadi.com/media/catalog/product/e/s/este21205_blue_1_5.jpg?width=300&height=&canvas=300:&quality=80&bg-color=255,255,255&fit=bounds","https://pk.khaadi.com/media/catalog/product/e/s/este21205_blue_1_5.jpg?width=300&height=&canvas=300:&quality=80&bg-color=255,255,255&fit=bounds",khaadi female kameezshalwar_stitched Kurta female,"PKR 2,690",https://pk.khaadi.com/este21205-blue-este21205-blue-pk.html,Good,"PKR 2,150",avb,Kurta
1,khaadi,4,kameezshalwar_stitched,2021-09-15,female,1,"https://pk.khaadi.com/media/catalog/product/e/s/estp21205_black_1.jpg?width=300&height=&canvas=300:&quality=80&bg-color=255,255,255&fit=bounds","https://pk.khaadi.com/media/catalog/product/e/s/estp21205_black_1.jpg?width=300&height=&canvas=300:&quality=80&bg-color=255,255,255&fit=bounds",khaadi female kameezshalwar_stitched Kurta female,"PKR 4,690",https://pk.khaadi.com/estp21205-black-estp21205-black-pk.html,Good,"PKR 3,750",avb,Kurta
1,khaadi,4,kameezshalwar_stitched,2021-09-15,female,1,"https://pk.khaadi.com/media/catalog/product/e/s/estp21208_white_1_5.jpg?width=300&height=&canvas=300:&quality=80&bg-color=255,255,255&fit=bounds","https://pk.khaadi.com/media/catalog/product/e/s/estp21208_white_1_5.jpg?width=300&height=&canvas=300:&quality=80&bg-color=255,255,255&fit=bounds",khaadi female kameezshalwar_stitched Kurta female,"PKR 2,990",https://pk.khaadi.com/estp21208-white-estp21208-white-pk.html,Good,"PKR 2,390",avb,Kurta
1,khaadi,4,kameezshalwar_stitched,2021-09-15,female,1,"https://pk.khaadi.com/media/catalog/product/e/s/estp21211_off-white_1_6.jpg?width=300&height=&canvas=300:&quality=80&bg-color=255,255,255&fit=bounds","https://pk.khaadi.com/media/catalog/product/e/s/estp21211_off-white_1_6.jpg?width=300&height=&canvas=300:&quality=80&bg-color=255,255,255&fit=bounds",khaadi female kameezshalwar_stitched Kurta female,"PKR 2,390",https://pk.khaadi.com/estp21211-off-white-estp21211-off-white-pk.html,Good,"PKR 1,910",avb,Kurta
1,khaadi,4,kameezshalwar_stitched,2021-09-15,female,1,"https://pk.khaadi.com/media/catalog/product/k/f/kfb20707_white_1_4.jpg?width=300&height=&canvas=300:&quality=80&bg-color=255,255,255&fit=bounds","https://pk.khaadi.com/media/catalog/product/k/f/kfb20707_white_1_4.jpg?width=300&height=&canvas=300:&quality=80&bg-color=255,255,255&fit=bounds",khaadi female kameezshalwar_stitched Khaas Shalwar female,"PKR 2,990",https://pk.khaadi.com/kfb20707-white-kfb20707-white-pk.html,Good,"PKR 2,390",avb,Khaas Shalwar
1,khaadi,4,kameezshalwar_stitched,2021-09-15,female,1,"https://pk.khaadi.com/media/catalog/product/k/f/kfpd20801_off-white_1.jpg?width=300&height=&canvas=300:&quality=80&bg-color=255,255,255&fit=bounds","https://pk.khaadi.com/media/catalog/product/k/f/kfpd20801_off-white_1.jpg?width=300&height=&canvas=300:&quality=80&bg-color=255,255,255&fit=bounds",khaadi female kameezshalwar_stitched Khaas Dupatta female,"PKR 5,990",https://pk.khaadi.com/kfpd20801-off-white-kfpd20801-off-white-pk.html,Good,"PKR 4,790",avb,Khaas Dupatta
1,khaadi,4,kameezshalwar_stitched,2021-09-15,female,1,"https://pk.khaadi.com/media/catalog/product/k/s/ksfkp20803_green_1_4.jpg?width=300&height=&canvas=300:&quality=80&bg-color=255,255,255&fit=bounds","https://pk.khaadi.com/media/catalog/product/k/s/ksfkp20803_green_1_4.jpg?width=300&height=&canvas=300:&quality=80&bg-color=255,255,255&fit=bounds",khaadi female kameezshalwar_stitched Khaas Kurta Pants female,"PKR 13,490",https://pk.khaadi.com/ksfkp20803-green-ksfkp20803-green-pk.html,Good,"PKR 10,790",avb,Khaas Kurta Pants
1,khaadi,4,kameezshalwar_stitched,2021-09-15,female,1,"https://pk.khaadi.com/media/catalog/product/w/b/wbb21401_red_1_1.jpg?width=300&height=&canvas=300:&quality=80&bg-color=255,255,255&fit=bounds","https://pk.khaadi.com/media/catalog/product/w/b/wbb21401_red_1_1.jpg?width=300&height=&canvas=300:&quality=80&bg-color=255,255,255&fit=bounds",khaadi female kameezshalwar_stitched Pants female,"PKR 1,890",https://pk.khaadi.com/wbb21401-red-wbb21401-red-pk.html,Good,"PKR 1,510",avb,Pants
1,khaadi,4,kameezshalwar_stitched,2021-09-15,female,1,"https://pk.khaadi.com/media/catalog/product/w/b/wbe21401_black_1_3.jpg?width=300&height=&canvas=300:&quality=80&bg-color=255,255,255&fit=bounds","https://pk.khaadi.com/media/catalog/product/w/b/wbe21401_black_1_3.jpg?width=300&height=&canvas=300:&quality=80&bg-color=255,255,255&fit=bounds",khaadi female kameezshalwar_stitched Pants female,"PKR 2,766",https://pk.khaadi.com/wbe21401-black-wbe21401-black-pk.html,Good,"PKR 2,210",avb,Pants
1,khaadi,4,kameezshalwar_stitched,2021-09-15,female,1,"https://pk.khaadi.com/media/catalog/product/w/b/wbe21402_red_1_6.jpg?width=300&height=&canvas=300:&quality=80&bg-color=255,255,255&fit=bounds","https://pk.khaadi.com/media/catalog/product/w/b/wbe21402_red_1_6.jpg?width=300&height=&canvas=300:&quality=80&bg-color=255,255,255&fit=bounds",khaadi female kameezshalwar_stitched Pants female,"PKR 3,490",https://pk.khaadi.com/wbe21402-red-wbe21402-red-pk.html,Good,"PKR 2,790",avb,Pants
1,khaadi,4,kameezshalwar_stitched,2021-09-15,female,1,"https://pk.khaadi.com/media/catalog/product/w/d/wdjqb21501_black_1_4.jpg?width=300&height=&canvas=300:&quality=80&bg-color=255,255,255&fit=bounds","https://pk.khaadi.com/media/catalog/product/w/d/wdjqb21501_black_1_4.jpg?width=300&height=&canvas=300:&quality=80&bg-color=255,255,255&fit=bounds",khaadi female kameezshalwar_stitched Maxi Dress female,"PKR 3,090",https://pk.khaadi.com/wdjqb21501-black-wdjqb21501-black-pk.html,Good,"PKR 2,470",avb,Maxi Dress
1,khaadi,4,kameezshalwar_stitched,2021-09-15,female,1,"https://pk.khaadi.com/media/catalog/product/w/s/wscjap21302_black_1_5.jpg?width=300&height=&canvas=300:&quality=80&bg-color=255,255,255&fit=bounds","https://pk.khaadi.com/media/catalog/product/w/s/wscjap21302_black_1_5.jpg?width=300&height=&canvas=300:&quality=80&bg-color=255,255,255&fit=bounds",khaadi female kameezshalwar_stitched Long Dress female,"PKR 3,990",https://pk.khaadi.com/wscjap21302-black-wscjap21302-black-pk.html,Good,"PKR 3,190",avb,Long Dress
1,khaadi,4,kameezshalwar_stitched,2021-09-15,female,1,"https://pk.khaadi.com/media/catalog/product/w/s/wscjap21303_black_1_1.jpg?width=300&height=&canvas=300:&quality=80&bg-color=255,255,255&fit=bounds","https://pk.khaadi.com/media/catalog/product/w/s/wscjap21303_black_1_1.jpg?width=300&height=&canvas=300:&quality=80&bg-color=255,255,255&fit=bounds",khaadi female kameezshalwar_stitched Long Dress female,"PKR 3,090",https://pk.khaadi.com/wscjap21303-black-wscjap21303-black-pk.html,Good,"PKR 2,470",avb,Long Dress
1,khaadi,4,kameezshalwar_stitched,2021-09-15,female,1,"https://pk.khaadi.com/media/catalog/product/w/s/wscjap21303_blue_1_21.jpg?width=300&height=&canvas=300:&quality=80&bg-color=255,255,255&fit=bounds","https://pk.khaadi.com/media/catalog/product/w/s/wscjap21303_blue_1_21.jpg?width=300&height=&canvas=300:&quality=80&bg-color=255,255,255&fit=bounds",khaadi female kameezshalwar_stitched Long Dress female,"PKR 3,090",https://pk.khaadi.com/wscjap21303-blue-wscjap21303-blue-pk.html,Good,"PKR 2,470",avb,Long Dress
1,khaadi,4,kameezshalwar_stitched,2021-09-15,female,1,"https://pk.khaadi.com/media/catalog/product/w/s/wscjap21304_red_1_10.jpg?width=300&height=&canvas=300:&quality=80&bg-color=255,255,255&fit=bounds","https://pk.khaadi.com/media/catalog/product/w/s/wscjap21304_red_1_10.jpg?width=300&height=&canvas=300:&quality=80&bg-color=255,255,255&fit=bounds",khaadi female kameezshalwar_stitched Long Dress female,"PKR 4,190",https://pk.khaadi.com/wscjap21304-red-wscjap21304-red-pk.html,Good,"PKR 3,350",avb,Long Dress
1,khaadi,4,kameezshalwar_stitched,2021-09-15,female,1,"https://pk.khaadi.com/media/catalog/product/w/t/wte21401_black_1.jpg?width=300&height=&canvas=300:&quality=80&bg-color=255,255,255&fit=bounds","https://pk.khaadi.com/media/catalog/product/w/t/wte21401_black_1.jpg?width=300&height=&canvas=300:&quality=80&bg-color=255,255,255&fit=bounds",khaadi female kameezshalwar_stitched Blouse female,"PKR 6,690",https://pk.khaadi.com/wte21401-black-wte21401-black-pk.html,Good,"PKR 5,350",avb,Blouse
1,khaadi,4,kameezshalwar_stitched,2021-09-15,female,1,"https://pk.khaadi.com/media/catalog/product/w/t/wte21403_red_1.jpg?width=300&height=&canvas=300:&quality=80&bg-color=255,255,255&fit=bounds","https://pk.khaadi.com/media/catalog/product/w/t/wte21403_red_1.jpg?width=300&height=&canvas=300:&quality=80&bg-color=255,255,255&fit=bounds",khaadi female kameezshalwar_stitched Blouse female,"PKR 3,890",https://pk.khaadi.com/wte21403-red-wte21403-red-pk.html,Good,"PKR 3,110",avb,Blouse
1,khaadi,4,kameezshalwar_stitched,2021-09-15,female,1,"https://pk.khaadi.com/media/catalog/product/w/t/wtp21403_black_1.jpg?width=300&height=&canvas=300:&quality=80&bg-color=255,255,255&fit=bounds","https://pk.khaadi.com/media/catalog/product/w/t/wtp21403_black_1.jpg?width=300&height=&canvas=300:&quality=80&bg-color=255,255,255&fit=bounds",khaadi female kameezshalwar_stitched Blouse female,"PKR 2,490",https://pk.khaadi.com/wtp21403-black-wtp21403-black-pk.html,Good,"PKR 1,990",avb,Blouse
1,khaadi,4,kameezshalwar_stitched,2021-09-15,female,1,"https://pk.khaadi.com/media/catalog/product/w/t/wtp21404_multi_1_2.jpg?width=300&height=&canvas=300:&quality=80&bg-color=255,255,255&fit=bounds","https://pk.khaadi.com/media/catalog/product/w/t/wtp21404_multi_1_2.jpg?width=300&height=&canvas=300:&quality=80&bg-color=255,255,255&fit=bounds",khaadi female kameezshalwar_stitched Blouse female,"PKR 2,290",https://pk.khaadi.com/wtp21404-multi-wtp21404-multi-pk.html,Good,"PKR 1,830",avb,Blouse
1,khaadi,4,kameezshalwar_stitched,2021-09-15,female,1,"https://pk.khaadi.com/media/catalog/product/w/t/wtp21406_black_1_1.jpg?width=300&height=&canvas=300:&quality=80&bg-color=255,255,255&fit=bounds","https://pk.khaadi.com/media/catalog/product/w/t/wtp21406_black_1_1.jpg?width=300&height=&canvas=300:&quality=80&bg-color=255,255,255&fit=bounds",khaadi female kameezshalwar_stitched Blouse female,"PKR 2,290",https://pk.khaadi.com/wtp21406-black-wtp21406-black-pk.html,Good,"PKR 1,830",avb,Blouse
1,khaadi,4,kameezshalwar_stitched,2021-09-15,female,1,"https://pk.khaadi.com/media/catalog/product/k/d/kde20207_green_1_14.jpg?width=300&height=&canvas=300:&quality=80&bg-color=255,255,255&fit=bounds","https://pk.khaadi.com/media/catalog/product/k/d/kde20207_green_1_14.jpg?width=300&height=&canvas=300:&quality=80&bg-color=255,255,255&fit=bounds",khaadi female kameezshalwar_stitched Kurta Dupatta female,"PKR 6,990",https://pk.khaadi.com/kde20207-green-kde20207-green-pk.html,Good,"PKR 3,495",avb,Kurta Dupatta
1,khaadi,4,kameezshalwar_stitched,2021-09-15,female,1,"https://pk.khaadi.com/media/catalog/product/k/f/kfb20305_white_1_18.jpg?width=300&height=&canvas=300:&quality=80&bg-color=255,255,255&fit=bounds","https://pk.khaadi.com/media/catalog/product/k/f/kfb20305_white_1_18.jpg?width=300&height=&canvas=300:&quality=80&bg-color=255,255,255&fit=bounds",khaadi female kameezshalwar_stitched Khaas Shalwar female,"PKR 4,990",https://pk.khaadi.com/kfb20305-white-kfb20305-white-pk.html,Good,"PKR 2,495",avb,Khaas Shalwar
1,khaadi,4,kameezshalwar_stitched,2021-09-15,female,1,"https://pk.khaadi.com/media/catalog/product/w/t/wte21401_black_1.jpg?width=300&height=&canvas=300:&quality=80&bg-color=255,255,255&fit=bounds","https://pk.khaadi.com/media/catalog/product/w/t/wte21401_black_1.jpg?width=300&height=&canvas=300:&quality=80&bg-color=255,255,255&fit=bounds",khaadi female kameezshalwar_stitched Blouse female,"PKR 6,690",https://pk.khaadi.com/wte21401-black-wte21401-black-pk.html,Good,"PKR 5,350",avb,Blouse
1,khaadi,4,kameezshalwar_stitched,2021-09-15,female,1,"https://pk.khaadi.com/media/catalog/product/w/t/wte21403_red_1.jpg?width=300&height=&canvas=300:&quality=80&bg-color=255,255,255&fit=bounds","https://pk.khaadi.com/media/catalog/product/w/t/wte21403_red_1.jpg?width=300&height=&canvas=300:&quality=80&bg-color=255,255,255&fit=bounds",khaadi female kameezshalwar_stitched Blouse female,"PKR 3,890",https://pk.khaadi.com/wte21403-red-wte21403-red-pk.html,Good,"PKR 3,110",avb,Blouse
1,khaadi,4,kameezshalwar_stitched,2021-09-15,female,1,"https://pk.khaadi.com/media/catalog/product/w/t/wtp21403_black_1.jpg?width=300&height=&canvas=300:&quality=80&bg-color=255,255,255&fit=bounds","https://pk.khaadi.com/media/catalog/product/w/t/wtp21403_black_1.jpg?width=300&height=&canvas=300:&quality=80&bg-color=255,255,255&fit=bounds",khaadi female kameezshalwar_stitched Blouse female,"PKR 2,490",https://pk.khaadi.com/wtp21403-black-wtp21403-black-pk.html,Good,"PKR 1,990",avb,Blouse
1,khaadi,4,kameezshalwar_stitched,2021-09-15,female,1,"https://pk.khaadi.com/media/catalog/product/w/t/wtp21404_multi_1_2.jpg?width=300&height=&canvas=300:&quality=80&bg-color=255,255,255&fit=bounds","https://pk.khaadi.com/media/catalog/product/w/t/wtp21404_multi_1_2.jpg?width=300&height=&canvas=300:&quality=80&bg-color=255,255,255&fit=bounds",khaadi female kameezshalwar_stitched Blouse female,"PKR 2,290",https://pk.khaadi.com/wtp21404-multi-wtp21404-multi-pk.html,Good,"PKR 1,830",avb,Blouse
1,khaadi,4,kameezshalwar_stitched,2021-09-15,female,1,"https://pk.khaadi.com/media/catalog/product/w/t/wtp21406_black_1_1.jpg?width=300&height=&canvas=300:&quality=80&bg-color=255,255,255&fit=bounds","https://pk.khaadi.com/media/catalog/product/w/t/wtp21406_black_1_1.jpg?width=300&height=&canvas=300:&quality=80&bg-color=255,255,255&fit=bounds",khaadi female kameezshalwar_stitched Blouse female,"PKR 2,290",https://pk.khaadi.com/wtp21406-black-wtp21406-black-pk.html,Good,"PKR 1,830",avb,Blouse
1,khaadi,4,kameezshalwar_stitched,2021-09-15,female,1,"https://pk.khaadi.com/media/catalog/product/k/d/kde20207_green_1_14.jpg?width=300&height=&canvas=300:&quality=80&bg-color=255,255,255&fit=bounds","https://pk.khaadi.com/media/catalog/product/k/d/kde20207_green_1_14.jpg?width=300&height=&canvas=300:&quality=80&bg-color=255,255,255&fit=bounds",khaadi female kameezshalwar_stitched Kurta Dupatta female,"PKR 6,990",https://pk.khaadi.com/kde20207-green-kde20207-green-pk.html,Good,"PKR 3,495",avb,Kurta Dupatta
1,khaadi,4,kameezshalwar_stitched,2021-09-15,female,1,"https://pk.khaadi.com/media/catalog/product/k/f/kfb20305_white_1_18.jpg?width=300&height=&canvas=300:&quality=80&bg-color=255,255,255&fit=bounds","https://pk.khaadi.com/media/catalog/product/k/f/kfb20305_white_1_18.jpg?width=300&height=&canvas=300:&quality=80&bg-color=255,255,255&fit=bounds",khaadi female kameezshalwar_stitched Khaas Shalwar female,"PKR 4,990",https://pk.khaadi.com/kfb20305-white-kfb20305-white-pk.html,Good,"PKR 2,495",avb,Khaas Shalwar
1,khaadi,4,kameezshalwar_stitched,2021-09-15,female,1,"https://pk.khaadi.com/media/catalog/product/w/t/wte21401_black_1.jpg?width=300&height=&canvas=300:&quality=80&bg-color=255,255,255&fit=bounds","https://pk.khaadi.com/media/catalog/product/w/t/wte21401_black_1.jpg?width=300&height=&canvas=300:&quality=80&bg-color=255,255,255&fit=bounds",khaadi female kameezshalwar_stitched Blouse female,"PKR 6,690",https://pk.khaadi.com/wte21401-black-wte21401-black-pk.html,Good,"PKR 5,350",avb,Blouse
1,khaadi,4,kameezshalwar_stitched,2021-09-15,female,1,"https://pk.khaadi.com/media/catalog/product/w/t/wte21403_red_1.jpg?width=300&height=&canvas=300:&quality=80&bg-color=255,255,255&fit=bounds","https://pk.khaadi.com/media/catalog/product/w/t/wte21403_red_1.jpg?width=300&height=&canvas=300:&quality=80&bg-color=255,255,255&fit=bounds",khaadi female kameezshalwar_stitched Blouse female,"PKR 3,890",https://pk.khaadi.com/wte21403-red-wte21403-red-pk.html,Good,"PKR 3,110",avb,Blouse
1,khaadi,4,kameezshalwar_stitched,2021-09-15,female,1,"https://pk.khaadi.com/media/catalog/product/w/t/wtp21403_black_1.jpg?width=300&height=&canvas=300:&quality=80&bg-color=255,255,255&fit=bounds","https://pk.khaadi.com/media/catalog/product/w/t/wtp21403_black_1.jpg?width=300&height=&canvas=300:&quality=80&bg-color=255,255,255&fit=bounds",khaadi female kameezshalwar_stitched Blouse female,"PKR 2,490",https://pk.khaadi.com/wtp21403-black-wtp21403-black-pk.html,Good,"PKR 1,990",avb,Blouse
1,khaadi,4,kameezshalwar_stitched,2021-09-15,female,1,"https://pk.khaadi.com/media/catalog/product/w/t/wtp21404_multi_1_2.jpg?width=300&height=&canvas=300:&quality=80&bg-color=255,255,255&fit=bounds","https://pk.khaadi.com/media/catalog/product/w/t/wtp21404_multi_1_2.jpg?width=300&height=&canvas=300:&quality=80&bg-color=255,255,255&fit=bounds",khaadi female kameezshalwar_stitched Blouse female,"PKR 2,290",https://pk.khaadi.com/wtp21404-multi-wtp21404-multi-pk.html,Good,"PKR 1,830",avb,Blouse
1,khaadi,4,kameezshalwar_stitched,2021-09-15,female,1,"https://pk.khaadi.com/media/catalog/product/w/t/wtp21406_black_1_1.jpg?width=300&height=&canvas=300:&quality=80&bg-color=255,255,255&fit=bounds","https://pk.khaadi.com/media/catalog/product/w/t/wtp21406_black_1_1.jpg?width=300&height=&canvas=300:&quality=80&bg-color=255,255,255&fit=bounds",khaadi female kameezshalwar_stitched Blouse female,"PKR 2,290",https://pk.khaadi.com/wtp21406-black-wtp21406-black-pk.html,Good,"PKR 1,830",avb,Blouse
1,khaadi,4,kameezshalwar_stitched,2021-09-15,female,1,"https://pk.khaadi.com/media/catalog/product/k/d/kde20207_green_1_14.jpg?width=300&height=&canvas=300:&quality=80&bg-color=255,255,255&fit=bounds","https://pk.khaadi.com/media/catalog/product/k/d/kde20207_green_1_14.jpg?width=300&height=&canvas=300:&quality=80&bg-color=255,255,255&fit=bounds",khaadi female kameezshalwar_stitched Kurta Dupatta female,"PKR 6,990",https://pk.khaadi.com/kde20207-green-kde20207-green-pk.html,Good,"PKR 3,495",avb,Kurta Dupatta
1,khaadi,4,kameezshalwar_stitched,2021-09-15,female,1,"https://pk.khaadi.com/media/catalog/product/k/f/kfb20305_white_1_18.jpg?width=300&height=&canvas=300:&quality=80&bg-color=255,255,255&fit=bounds","https://pk.khaadi.com/media/catalog/product/k/f/kfb20305_white_1_18.jpg?width=300&height=&canvas=300:&quality=80&bg-color=255,255,255&fit=bounds",khaadi female kameezshalwar_stitched Khaas Shalwar female,"PKR 4,990",https://pk.khaadi.com/kfb20305-white-kfb20305-white-pk.html,Good,"PKR 2,495",avb,Khaas Shalwar
1,khaadi,4,kameezshalwar_stitched,2021-09-15,female,1,"https://pk.khaadi.com/media/catalog/product/w/t/wte21401_black_1.jpg?width=300&height=&canvas=300:&quality=80&bg-color=255,255,255&fit=bounds","https://pk.khaadi.com/media/catalog/product/w/t/wte21401_black_1.jpg?width=300&height=&canvas=300:&quality=80&bg-color=255,255,255&fit=bounds",khaadi female kameezshalwar_stitched Blouse female,"PKR 6,690",https://pk.khaadi.com/wte21401-black-wte21401-black-pk.html,Good,"PKR 5,350",avb,Blouse
1,khaadi,4,kameezshalwar_stitched,2021-09-15,female,1,"https://pk.khaadi.com/media/catalog/product/w/t/wte21403_red_1.jpg?width=300&height=&canvas=300:&quality=80&bg-color=255,255,255&fit=bounds","https://pk.khaadi.com/media/catalog/product/w/t/wte21403_red_1.jpg?width=300&height=&canvas=300:&quality=80&bg-color=255,255,255&fit=bounds",khaadi female kameezshalwar_stitched Blouse female,"PKR 3,890",https://pk.khaadi.com/wte21403-red-wte21403-red-pk.html,Good,"PKR 3,110",avb,Blouse
1,khaadi,4,kameezshalwar_stitched,2021-09-15,female,1,"https://pk.khaadi.com/media/catalog/product/w/t/wtp21403_black_1.jpg?width=300&height=&canvas=300:&quality=80&bg-color=255,255,255&fit=bounds","https://pk.khaadi.com/media/catalog/product/w/t/wtp21403_black_1.jpg?width=300&height=&canvas=300:&quality=80&bg-color=255,255,255&fit=bounds",khaadi female kameezshalwar_stitched Blouse female,"PKR 2,490",https://pk.khaadi.com/wtp21403-black-wtp21403-black-pk.html,Good,"PKR 1,990",avb,Blouse
1,khaadi,4,kameezshalwar_stitched,2021-09-15,female,1,"https://pk.khaadi.com/media/catalog/product/w/t/wtp21404_multi_1_2.jpg?width=300&height=&canvas=300:&quality=80&bg-color=255,255,255&fit=bounds","https://pk.khaadi.com/media/catalog/product/w/t/wtp21404_multi_1_2.jpg?width=300&height=&canvas=300:&quality=80&bg-color=255,255,255&fit=bounds",khaadi female kameezshalwar_stitched Blouse female,"PKR 2,290",https://pk.khaadi.com/wtp21404-multi-wtp21404-multi-pk.html,Good,"PKR 1,830",avb,Blouse
1,khaadi,4,kameezshalwar_stitched,2021-09-15,female,1,"https://pk.khaadi.com/media/catalog/product/w/t/wtp21406_black_1_1.jpg?width=300&height=&canvas=300:&quality=80&bg-color=255,255,255&fit=bounds","https://pk.khaadi.com/media/catalog/product/w/t/wtp21406_black_1_1.jpg?width=300&height=&canvas=300:&quality=80&bg-color=255,255,255&fit=bounds",khaadi female kameezshalwar_stitched Blouse female,"PKR 2,290",https://pk.khaadi.com/wtp21406-black-wtp21406-black-pk.html,Good,"PKR 1,830",avb,Blouse
1,khaadi,4,kameezshalwar_stitched,2021-09-15,female,1,"https://pk.khaadi.com/media/catalog/product/k/d/kde20207_green_1_14.jpg?width=300&height=&canvas=300:&quality=80&bg-color=255,255,255&fit=bounds","https://pk.khaadi.com/media/catalog/product/k/d/kde20207_green_1_14.jpg?width=300&height=&canvas=300:&quality=80&bg-color=255,255,255&fit=bounds",khaadi female kameezshalwar_stitched Kurta Dupatta female,"PKR 6,990",https://pk.khaadi.com/kde20207-green-kde20207-green-pk.html,Good,"PKR 3,495",avb,Kurta Dupatta
1,khaadi,4,kameezshalwar_stitched,2021-09-15,female,1,"https://pk.khaadi.com/media/catalog/product/k/f/kfb20305_white_1_18.jpg?width=300&height=&canvas=300:&quality=80&bg-color=255,255,255&fit=bounds","https://pk.khaadi.com/media/catalog/product/k/f/kfb20305_white_1_18.jpg?width=300&height=&canvas=300:&quality=80&bg-color=255,255,255&fit=bounds",khaadi female kameezshalwar_stitched Khaas Shalwar female,"PKR 4,990",https://pk.khaadi.com/kfb20305-white-kfb20305-white-pk.html,Good,"PKR 2,495",avb,Khaas Shalwar
1,khaadi,4,kameezshalwar_stitched,2021-09-15,female,1,"https://pk.khaadi.com/media/catalog/product/w/t/wte21401_black_1.jpg?width=300&height=&canvas=300:&quality=80&bg-color=255,255,255&fit=bounds","https://pk.khaadi.com/media/catalog/product/w/t/wte21401_black_1.jpg?width=300&height=&canvas=300:&quality=80&bg-color=255,255,255&fit=bounds",khaadi female kameezshalwar_stitched Blouse female,"PKR 6,690",https://pk.khaadi.com/wte21401-black-wte21401-black-pk.html,Good,"PKR 5,350",avb,Blouse
1,khaadi,4,kameezshalwar_stitched,2021-09-15,female,1,"https://pk.khaadi.com/media/catalog/product/w/t/wte21403_red_1.jpg?width=300&height=&canvas=300:&quality=80&bg-color=255,255,255&fit=bounds","https://pk.khaadi.com/media/catalog/product/w/t/wte21403_red_1.jpg?width=300&height=&canvas=300:&quality=80&bg-color=255,255,255&fit=bounds",khaadi female kameezshalwar_stitched Blouse female,"PKR 3,890",https://pk.khaadi.com/wte21403-red-wte21403-red-pk.html,Good,"PKR 3,110",avb,Blouse
1,khaadi,4,kameezshalwar_stitched,2021-09-15,female,1,"https://pk.khaadi.com/media/catalog/product/w/t/wtp21403_black_1.jpg?width=300&height=&canvas=300:&quality=80&bg-color=255,255,255&fit=bounds","https://pk.khaadi.com/media/catalog/product/w/t/wtp21403_black_1.jpg?width=300&height=&canvas=300:&quality=80&bg-color=255,255,255&fit=bounds",khaadi female kameezshalwar_stitched Blouse female,"PKR 2,490",https://pk.khaadi.com/wtp21403-black-wtp21403-black-pk.html,Good,"PKR 1,990",avb,Blouse
1,khaadi,4,kameezshalwar_stitched,2021-09-15,female,1,"https://pk.khaadi.com/media/catalog/product/w/t/wtp21404_multi_1_2.jpg?width=300&height=&canvas=300:&quality=80&bg-color=255,255,255&fit=bounds","https://pk.khaadi.com/media/catalog/product/w/t/wtp21404_multi_1_2.jpg?width=300&height=&canvas=300:&quality=80&bg-color=255,255,255&fit=bounds",khaadi female kameezshalwar_stitched Blouse female,"PKR 2,290",https://pk.khaadi.com/wtp21404-multi-wtp21404-multi-pk.html,Good,"PKR 1,830",avb,Blouse
1,khaadi,4,kameezshalwar_stitched,2021-09-15,female,1,"https://pk.khaadi.com/media/catalog/product/w/t/wtp21406_black_1_1.jpg?width=300&height=&canvas=300:&quality=80&bg-color=255,255,255&fit=bounds","https://pk.khaadi.com/media/catalog/product/w/t/wtp21406_black_1_1.jpg?width=300&height=&canvas=300:&quality=80&bg-color=255,255,255&fit=bounds",khaadi female kameezshalwar_stitched Blouse female,"PKR 2,290",https://pk.khaadi.com/wtp21406-black-wtp21406-black-pk.html,Good,"PKR 1,830",avb,Blouse
1,khaadi,4,kameezshalwar_stitched,2021-09-15,female,1,"https://pk.khaadi.com/media/catalog/product/k/d/kde20207_green_1_14.jpg?width=300&height=&canvas=300:&quality=80&bg-color=255,255,255&fit=bounds","https://pk.khaadi.com/media/catalog/product/k/d/kde20207_green_1_14.jpg?width=300&height=&canvas=300:&quality=80&bg-color=255,255,255&fit=bounds",khaadi female kameezshalwar_stitched Kurta Dupatta female,"PKR 6,990",https://pk.khaadi.com/kde20207-green-kde20207-green-pk.html,Good,"PKR 3,495",avb,Kurta Dupatta
1,khaadi,4,kameezshalwar_stitched,2021-09-15,female,1,"https://pk.khaadi.com/media/catalog/product/k/f/kfb20305_white_1_18.jpg?width=300&height=&canvas=300:&quality=80&bg-color=255,255,255&fit=bounds","https://pk.khaadi.com/media/catalog/product/k/f/kfb20305_white_1_18.jpg?width=300&height=&canvas=300:&quality=80&bg-color=255,255,255&fit=bounds",khaadi female kameezshalwar_stitched Khaas Shalwar female,"PKR 4,990",https://pk.khaadi.com/kfb20305-white-kfb20305-white-pk.html,Good,"PKR 2,495",avb,Khaas Shalwar
1,khaadi,4,kameezshalwar_stitched,2021-09-15,female,1,"https://pk.khaadi.com/media/catalog/product/w/t/wte21401_black_1.jpg?width=300&height=&canvas=300:&quality=80&bg-color=255,255,255&fit=bounds","https://pk.khaadi.com/media/catalog/product/w/t/wte21401_black_1.jpg?width=300&height=&canvas=300:&quality=80&bg-color=255,255,255&fit=bounds",khaadi female kameezshalwar_stitched Blouse female,"PKR 6,690",https://pk.khaadi.com/wte21401-black-wte21401-black-pk.html,Good,"PKR 5,350",avb,Blouse
1,khaadi,4,kameezshalwar_stitched,2021-09-15,female,1,"https://pk.khaadi.com/media/catalog/product/w/t/wte21403_red_1.jpg?width=300&height=&canvas=300:&quality=80&bg-color=255,255,255&fit=bounds","https://pk.khaadi.com/media/catalog/product/w/t/wte21403_red_1.jpg?width=300&height=&canvas=300:&quality=80&bg-color=255,255,255&fit=bounds",khaadi female kameezshalwar_stitched Blouse female,"PKR 3,890",https://pk.khaadi.com/wte21403-red-wte21403-red-pk.html,Good,"PKR 3,110",avb,Blouse
1,khaadi,4,kameezshalwar_stitched,2021-09-15,female,1,"https://pk.khaadi.com/media/catalog/product/w/t/wtp21403_black_1.jpg?width=300&height=&canvas=300:&quality=80&bg-color=255,255,255&fit=bounds","https://pk.khaadi.com/media/catalog/product/w/t/wtp21403_black_1.jpg?width=300&height=&canvas=300:&quality=80&bg-color=255,255,255&fit=bounds",khaadi female kameezshalwar_stitched Blouse female,"PKR 2,490",https://pk.khaadi.com/wtp21403-black-wtp21403-black-pk.html,Good,"PKR 1,990",avb,Blouse
1,khaadi,4,kameezshalwar_stitched,2021-09-15,female,1,"https://pk.khaadi.com/media/catalog/product/w/t/wtp21404_multi_1_2.jpg?width=300&height=&canvas=300:&quality=80&bg-color=255,255,255&fit=bounds","https://pk.khaadi.com/media/catalog/product/w/t/wtp21404_multi_1_2.jpg?width=300&height=&canvas=300:&quality=80&bg-color=255,255,255&fit=bounds",khaadi female kameezshalwar_stitched Blouse female,"PKR 2,290",https://pk.khaadi.com/wtp21404-multi-wtp21404-multi-pk.html,Good,"PKR 1,830",avb,Blouse
1,khaadi,4,kameezshalwar_stitched,2021-09-15,female,1,"https://pk.khaadi.com/media/catalog/product/w/t/wtp21406_black_1_1.jpg?width=300&height=&canvas=300:&quality=80&bg-color=255,255,255&fit=bounds","https://pk.khaadi.com/media/catalog/product/w/t/wtp21406_black_1_1.jpg?width=300&height=&canvas=300:&quality=80&bg-color=255,255,255&fit=bounds",khaadi female kameezshalwar_stitched Blouse female,"PKR 2,290",https://pk.khaadi.com/wtp21406-black-wtp21406-black-pk.html,Good,"PKR 1,830",avb,Blouse
1,khaadi,4,kameezshalwar_stitched,2021-09-15,female,1,"https://pk.khaadi.com/media/catalog/product/k/d/kde20207_green_1_14.jpg?width=300&height=&canvas=300:&quality=80&bg-color=255,255,255&fit=bounds","https://pk.khaadi.com/media/catalog/product/k/d/kde20207_green_1_14.jpg?width=300&height=&canvas=300:&quality=80&bg-color=255,255,255&fit=bounds",khaadi female kameezshalwar_stitched Kurta Dupatta female,"PKR 6,990",https://pk.khaadi.com/kde20207-green-kde20207-green-pk.html,Good,"PKR 3,495",avb,Kurta Dupatta
1,khaadi,4,kameezshalwar_stitched,2021-09-15,female,1,"https://pk.khaadi.com/media/catalog/product/k/f/kfb20305_white_1_18.jpg?width=300&height=&canvas=300:&quality=80&bg-color=255,255,255&fit=bounds","https://pk.khaadi.com/media/catalog/product/k/f/kfb20305_white_1_18.jpg?width=300&height=&canvas=300:&quality=80&bg-color=255,255,255&fit=bounds",khaadi female kameezshalwar_stitched Khaas Shalwar female,"PKR 4,990",https://pk.khaadi.com/kfb20305-white-kfb20305-white-pk.html,Good,"PKR 2,495",avb,Khaas Shalwar
1,khaadi,4,kameezshalwar_stitched,2021-09-15,female,1,"https://pk.khaadi.com/media/catalog/product/w/t/wte21401_black_1.jpg?width=300&height=&canvas=300:&quality=80&bg-color=255,255,255&fit=bounds","https://pk.khaadi.com/media/catalog/product/w/t/wte21401_black_1.jpg?width=300&height=&canvas=300:&quality=80&bg-color=255,255,255&fit=bounds",khaadi female kameezshalwar_stitched Blouse female,"PKR 6,690",https://pk.khaadi.com/wte21401-black-wte21401-black-pk.html,Good,"PKR 5,350",avb,Blouse
1,khaadi,4,kameezshalwar_stitched,2021-09-15,female,1,"https://pk.khaadi.com/media/catalog/product/w/t/wte21403_red_1.jpg?width=300&height=&canvas=300:&quality=80&bg-color=255,255,255&fit=bounds","https://pk.khaadi.com/media/catalog/product/w/t/wte21403_red_1.jpg?width=300&height=&canvas=300:&quality=80&bg-color=255,255,255&fit=bounds",khaadi female kameezshalwar_stitched Blouse female,"PKR 3,890",https://pk.khaadi.com/wte21403-red-wte21403-red-pk.html,Good,"PKR 3,110",avb,Blouse
1,khaadi,4,kameezshalwar_stitched,2021-09-15,female,1,"https://pk.khaadi.com/media/catalog/product/w/t/wtp21403_black_1.jpg?width=300&height=&canvas=300:&quality=80&bg-color=255,255,255&fit=bounds","https://pk.khaadi.com/media/catalog/product/w/t/wtp21403_black_1.jpg?width=300&height=&canvas=300:&quality=80&bg-color=255,255,255&fit=bounds",khaadi female kameezshalwar_stitched Blouse female,"PKR 2,490",https://pk.khaadi.com/wtp21403-black-wtp21403-black-pk.html,Good,"PKR 1,990",avb,Blouse
1,khaadi,4,kameezshalwar_stitched,2021-09-15,female,1,"https://pk.khaadi.com/media/catalog/product/w/t/wtp21404_multi_1_2.jpg?width=300&height=&canvas=300:&quality=80&bg-color=255,255,255&fit=bounds","https://pk.khaadi.com/media/catalog/product/w/t/wtp21404_multi_1_2.jpg?width=300&height=&canvas=300:&quality=80&bg-color=255,255,255&fit=bounds",khaadi female kameezshalwar_stitched Blouse female,"PKR 2,290",https://pk.khaadi.com/wtp21404-multi-wtp21404-multi-pk.html,Good,"PKR 1,830",avb,Blouse
1,khaadi,4,kameezshalwar_stitched,2021-09-15,female,1,"https://pk.khaadi.com/media/catalog/product/w/t/wtp21406_black_1_1.jpg?width=300&height=&canvas=300:&quality=80&bg-color=255,255,255&fit=bounds","https://pk.khaadi.com/media/catalog/product/w/t/wtp21406_black_1_1.jpg?width=300&height=&canvas=300:&quality=80&bg-color=255,255,255&fit=bounds",khaadi female kameezshalwar_stitched Blouse female,"PKR 2,290",https://pk.khaadi.com/wtp21406-black-wtp21406-black-pk.html,Good,"PKR 1,830",avb,Blouse
1,khaadi,4,kameezshalwar_stitched,2021-09-15,female,1,"https://pk.khaadi.com/media/catalog/product/k/d/kde20207_green_1_14.jpg?width=300&height=&canvas=300:&quality=80&bg-color=255,255,255&fit=bounds","https://pk.khaadi.com/media/catalog/product/k/d/kde20207_green_1_14.jpg?width=300&height=&canvas=300:&quality=80&bg-color=255,255,255&fit=bounds",khaadi female kameezshalwar_stitched Kurta Dupatta female,"PKR 6,990",https://pk.khaadi.com/kde20207-green-kde20207-green-pk.html,Good,"PKR 3,495",avb,Kurta Dupatta
1,khaadi,4,kameezshalwar_stitched,2021-09-15,female,1,"https://pk.khaadi.com/media/catalog/product/k/f/kfb20305_white_1_18.jpg?width=300&height=&canvas=300:&quality=80&bg-color=255,255,255&fit=bounds","https://pk.khaadi.com/media/catalog/product/k/f/kfb20305_white_1_18.jpg?width=300&height=&canvas=300:&quality=80&bg-color=255,255,255&fit=bounds",khaadi female kameezshalwar_stitched Khaas Shalwar female,"PKR 4,990",https://pk.khaadi.com/kfb20305-white-kfb20305-white-pk.html,Good,"PKR 2,495",avb,Khaas Shalwar
1,khaadi,4,kameezshalwar_stitched,2021-09-15,female,1,"https://pk.khaadi.com/media/catalog/product/w/t/wte21401_black_1.jpg?width=300&height=&canvas=300:&quality=80&bg-color=255,255,255&fit=bounds","https://pk.khaadi.com/media/catalog/product/w/t/wte21401_black_1.jpg?width=300&height=&canvas=300:&quality=80&bg-color=255,255,255&fit=bounds",khaadi female kameezshalwar_stitched Blouse female,"PKR 6,690",https://pk.khaadi.com/wte21401-black-wte21401-black-pk.html,Good,"PKR 5,350",avb,Blouse
1,khaadi,4,kameezshalwar_stitched,2021-09-15,female,1,"https://pk.khaadi.com/media/catalog/product/w/t/wte21403_red_1.jpg?width=300&height=&canvas=300:&quality=80&bg-color=255,255,255&fit=bounds","https://pk.khaadi.com/media/catalog/product/w/t/wte21403_red_1.jpg?width=300&height=&canvas=300:&quality=80&bg-color=255,255,255&fit=bounds",khaadi female kameezshalwar_stitched Blouse female,"PKR 3,890",https://pk.khaadi.com/wte21403-red-wte21403-red-pk.html,Good,"PKR 3,110",avb,Blouse
1,khaadi,4,kameezshalwar_stitched,2021-09-15,female,1,"https://pk.khaadi.com/media/catalog/product/w/t/wtp21403_black_1.jpg?width=300&height=&canvas=300:&quality=80&bg-color=255,255,255&fit=bounds","https://pk.khaadi.com/media/catalog/product/w/t/wtp21403_black_1.jpg?width=300&height=&canvas=300:&quality=80&bg-color=255,255,255&fit=bounds",khaadi female kameezshalwar_stitched Blouse female,"PKR 2,490",https://pk.khaadi.com/wtp21403-black-wtp21403-black-pk.html,Good,"PKR 1,990",avb,Blouse
1,khaadi,4,kameezshalwar_stitched,2021-09-15,female,1,"https://pk.khaadi.com/media/catalog/product/w/t/wtp21404_multi_1_2.jpg?width=300&height=&canvas=300:&quality=80&bg-color=255,255,255&fit=bounds","https://pk.khaadi.com/media/catalog/product/w/t/wtp21404_multi_1_2.jpg?width=300&height=&canvas=300:&quality=80&bg-color=255,255,255&fit=bounds",khaadi female kameezshalwar_stitched Blouse female,"PKR 2,290",https://pk.khaadi.com/wtp21404-multi-wtp21404-multi-pk.html,Good,"PKR 1,830",avb,Blouse
1,khaadi,4,kameezshalwar_stitched,2021-09-15,female,1,"https://pk.khaadi.com/media/catalog/product/w/t/wtp21406_black_1_1.jpg?width=300&height=&canvas=300:&quality=80&bg-color=255,255,255&fit=bounds","https://pk.khaadi.com/media/catalog/product/w/t/wtp21406_black_1_1.jpg?width=300&height=&canvas=300:&quality=80&bg-color=255,255,255&fit=bounds",khaadi female kameezshalwar_stitched Blouse female,"PKR 2,290",https://pk.khaadi.com/wtp21406-black-wtp21406-black-pk.html,Good,"PKR 1,830",avb,Blouse
1,khaadi,4,kameezshalwar_stitched,2021-09-15,female,1,"https://pk.khaadi.com/media/catalog/product/k/d/kde20207_green_1_14.jpg?width=300&height=&canvas=300:&quality=80&bg-color=255,255,255&fit=bounds","https://pk.khaadi.com/media/catalog/product/k/d/kde20207_green_1_14.jpg?width=300&height=&canvas=300:&quality=80&bg-color=255,255,255&fit=bounds",khaadi female kameezshalwar_stitched Kurta Dupatta female,"PKR 6,990",https://pk.khaadi.com/kde20207-green-kde20207-green-pk.html,Good,"PKR 3,495",avb,Kurta Dupatta
1,khaadi,4,kameezshalwar_stitched,2021-09-15,female,1,"https://pk.khaadi.com/media/catalog/product/k/f/kfb20305_white_1_18.jpg?width=300&height=&canvas=300:&quality=80&bg-color=255,255,255&fit=bounds","https://pk.khaadi.com/media/catalog/product/k/f/kfb20305_white_1_18.jpg?width=300&height=&canvas=300:&quality=80&bg-color=255,255,255&fit=bounds",khaadi female kameezshalwar_stitched Khaas Shalwar female,"PKR 4,990",https://pk.khaadi.com/kfb20305-white-kfb20305-white-pk.html,Good,"PKR 2,495",avb,Khaas Shalwar
1,khaadi,4,kameezshalwar_stitched,2021-09-15,female,1,"https://pk.khaadi.com/media/catalog/product/w/t/wte21401_black_1.jpg?width=300&height=&canvas=300:&quality=80&bg-color=255,255,255&fit=bounds","https://pk.khaadi.com/media/catalog/product/w/t/wte21401_black_1.jpg?width=300&height=&canvas=300:&quality=80&bg-color=255,255,255&fit=bounds",khaadi female kameezshalwar_stitched Blouse female,"PKR 6,690",https://pk.khaadi.com/wte21401-black-wte21401-black-pk.html,Good,"PKR 5,350",avb,Blouse
1,khaadi,4,kameezshalwar_stitched,2021-09-15,female,1,"https://pk.khaadi.com/media/catalog/product/w/t/wte21403_red_1.jpg?width=300&height=&canvas=300:&quality=80&bg-color=255,255,255&fit=bounds","https://pk.khaadi.com/media/catalog/product/w/t/wte21403_red_1.jpg?width=300&height=&canvas=300:&quality=80&bg-color=255,255,255&fit=bounds",khaadi female kameezshalwar_stitched Blouse female,"PKR 3,890",https://pk.khaadi.com/wte21403-red-wte21403-red-pk.html,Good,"PKR 3,110",avb,Blouse
1,khaadi,4,kameezshalwar_stitched,2021-09-15,female,1,"https://pk.khaadi.com/media/catalog/product/w/t/wtp21403_black_1.jpg?width=300&height=&canvas=300:&quality=80&bg-color=255,255,255&fit=bounds","https://pk.khaadi.com/media/catalog/product/w/t/wtp21403_black_1.jpg?width=300&height=&canvas=300:&quality=80&bg-color=255,255,255&fit=bounds",khaadi female kameezshalwar_stitched Blouse female,"PKR 2,490",https://pk.khaadi.com/wtp21403-black-wtp21403-black-pk.html,Good,"PKR 1,990",avb,Blouse
1,khaadi,4,kameezshalwar_stitched,2021-09-15,female,1,"https://pk.khaadi.com/media/catalog/product/w/t/wtp21404_multi_1_2.jpg?width=300&height=&canvas=300:&quality=80&bg-color=255,255,255&fit=bounds","https://pk.khaadi.com/media/catalog/product/w/t/wtp21404_multi_1_2.jpg?width=300&height=&canvas=300:&quality=80&bg-color=255,255,255&fit=bounds",khaadi female kameezshalwar_stitched Blouse female,"PKR 2,290",https://pk.khaadi.com/wtp21404-multi-wtp21404-multi-pk.html,Good,"PKR 1,830",avb,Blouse
1,khaadi,4,kameezshalwar_stitched,2021-09-15,female,1,"https://pk.khaadi.com/media/catalog/product/w/t/wtp21406_black_1_1.jpg?width=300&height=&canvas=300:&quality=80&bg-color=255,255,255&fit=bounds","https://pk.khaadi.com/media/catalog/product/w/t/wtp21406_black_1_1.jpg?width=300&height=&canvas=300:&quality=80&bg-color=255,255,255&fit=bounds",khaadi female kameezshalwar_stitched Blouse female,"PKR 2,290",https://pk.khaadi.com/wtp21406-black-wtp21406-black-pk.html,Good,"PKR 1,830",avb,Blouse
1,khaadi,4,kameezshalwar_stitched,2021-09-15,female,1,"https://pk.khaadi.com/media/catalog/product/k/d/kde20207_green_1_14.jpg?width=300&height=&canvas=300:&quality=80&bg-color=255,255,255&fit=bounds","https://pk.khaadi.com/media/catalog/product/k/d/kde20207_green_1_14.jpg?width=300&height=&canvas=300:&quality=80&bg-color=255,255,255&fit=bounds",khaadi female kameezshalwar_stitched Kurta Dupatta female,"PKR 6,990",https://pk.khaadi.com/kde20207-green-kde20207-green-pk.html,Good,"PKR 3,495",avb,Kurta Dupatta
1,khaadi,4,kameezshalwar_stitched,2021-09-15,female,1,"https://pk.khaadi.com/media/catalog/product/k/f/kfb20305_white_1_18.jpg?width=300&height=&canvas=300:&quality=80&bg-color=255,255,255&fit=bounds","https://pk.khaadi.com/media/catalog/product/k/f/kfb20305_white_1_18.jpg?width=300&height=&canvas=300:&quality=80&bg-color=255,255,255&fit=bounds",khaadi female kameezshalwar_stitched Khaas Shalwar female,"PKR 4,990",https://pk.khaadi.com/kfb20305-white-kfb20305-white-pk.html,Good,"PKR 2,495",avb,Khaas Shalwar
1,khaadi,4,kameezshalwar_stitched,2021-09-15,female,1,"https://pk.khaadi.com/media/catalog/product/w/t/wte21401_black_1.jpg?width=300&height=&canvas=300:&quality=80&bg-color=255,255,255&fit=bounds","https://pk.khaadi.com/media/catalog/product/w/t/wte21401_black_1.jpg?width=300&height=&canvas=300:&quality=80&bg-color=255,255,255&fit=bounds",khaadi female kameezshalwar_stitched Blouse female,"PKR 6,690",https://pk.khaadi.com/wte21401-black-wte21401-black-pk.html,Good,"PKR 5,350",avb,Blouse
1,khaadi,4,kameezshalwar_stitched,2021-09-15,female,1,"https://pk.khaadi.com/media/catalog/product/w/t/wte21403_red_1.jpg?width=300&height=&canvas=300:&quality=80&bg-color=255,255,255&fit=bounds","https://pk.khaadi.com/media/catalog/product/w/t/wte21403_red_1.jpg?width=300&height=&canvas=300:&quality=80&bg-color=255,255,255&fit=bounds",khaadi female kameezshalwar_stitched Blouse female,"PKR 3,890",https://pk.khaadi.com/wte21403-red-wte21403-red-pk.html,Good,"PKR 3,110",avb,Blouse
1,khaadi,4,kameezshalwar_stitched,2021-09-15,female,1,"https://pk.khaadi.com/media/catalog/product/w/t/wtp21403_black_1.jpg?width=300&height=&canvas=300:&quality=80&bg-color=255,255,255&fit=bounds","https://pk.khaadi.com/media/catalog/product/w/t/wtp21403_black_1.jpg?width=300&height=&canvas=300:&quality=80&bg-color=255,255,255&fit=bounds",khaadi female kameezshalwar_stitched Blouse female,"PKR 2,490",https://pk.khaadi.com/wtp21403-black-wtp21403-black-pk.html,Good,"PKR 1,990",avb,Blouse
1,khaadi,4,kameezshalwar_stitched,2021-09-15,female,1,"https://pk.khaadi.com/media/catalog/product/w/t/wtp21404_multi_1_2.jpg?width=300&height=&canvas=300:&quality=80&bg-color=255,255,255&fit=bounds","https://pk.khaadi.com/media/catalog/product/w/t/wtp21404_multi_1_2.jpg?width=300&height=&canvas=300:&quality=80&bg-color=255,255,255&fit=bounds",khaadi female kameezshalwar_stitched Blouse female,"PKR 2,290",https://pk.khaadi.com/wtp21404-multi-wtp21404-multi-pk.html,Good,"PKR 1,830",avb,Blouse
1,khaadi,4,kameezshalwar_stitched,2021-09-15,female,1,"https://pk.khaadi.com/media/catalog/product/w/t/wtp21406_black_1_1.jpg?width=300&height=&canvas=300:&quality=80&bg-color=255,255,255&fit=bounds","https://pk.khaadi.com/media/catalog/product/w/t/wtp21406_black_1_1.jpg?width=300&height=&canvas=300:&quality=80&bg-color=255,255,255&fit=bounds",khaadi female kameezshalwar_stitched Blouse female,"PKR 2,290",https://pk.khaadi.com/wtp21406-black-wtp21406-black-pk.html,Good,"PKR 1,830",avb,Blouse
1,khaadi,4,kameezshalwar_stitched,2021-09-15,female,1,"https://pk.khaadi.com/media/catalog/product/k/d/kde20207_green_1_14.jpg?width=300&height=&canvas=300:&quality=80&bg-color=255,255,255&fit=bounds","https://pk.khaadi.com/media/catalog/product/k/d/kde20207_green_1_14.jpg?width=300&height=&canvas=300:&quality=80&bg-color=255,255,255&fit=bounds",khaadi female kameezshalwar_stitched Kurta Dupatta female,"PKR 6,990",https://pk.khaadi.com/kde20207-green-kde20207-green-pk.html,Good,"PKR 3,495",avb,Kurta Dupatta
1,khaadi,4,kameezshalwar_stitched,2021-09-15,female,1,"https://pk.khaadi.com/media/catalog/product/k/f/kfb20305_white_1_18.jpg?width=300&height=&canvas=300:&quality=80&bg-color=255,255,255&fit=bounds","https://pk.khaadi.com/media/catalog/product/k/f/kfb20305_white_1_18.jpg?width=300&height=&canvas=300:&quality=80&bg-color=255,255,255&fit=bounds",khaadi female kameezshalwar_stitched Khaas Shalwar female,"PKR 4,990",https://pk.khaadi.com/kfb20305-white-kfb20305-white-pk.html,Good,"PKR 2,495",avb,Khaas Shalwar
1,khaadi,4,kameezshalwar_stitched,2021-09-15,female,1,"https://pk.khaadi.com/media/catalog/product/w/t/wte21401_black_1.jpg?width=300&height=&canvas=300:&quality=80&bg-color=255,255,255&fit=bounds","https://pk.khaadi.com/media/catalog/product/w/t/wte21401_black_1.jpg?width=300&height=&canvas=300:&quality=80&bg-color=255,255,255&fit=bounds",khaadi female kameezshalwar_stitched Blouse female,"PKR 6,690",https://pk.khaadi.com/wte21401-black-wte21401-black-pk.html,Good,"PKR 5,350",avb,Blouse
1,khaadi,4,kameezshalwar_stitched,2021-09-15,female,1,"https://pk.khaadi.com/media/catalog/product/w/t/wte21403_red_1.jpg?width=300&height=&canvas=300:&quality=80&bg-color=255,255,255&fit=bounds","https://pk.khaadi.com/media/catalog/product/w/t/wte21403_red_1.jpg?width=300&height=&canvas=300:&quality=80&bg-color=255,255,255&fit=bounds",khaadi female kameezshalwar_stitched Blouse female,"PKR 3,890",https://pk.khaadi.com/wte21403-red-wte21403-red-pk.html,Good,"PKR 3,110",avb,Blouse
1,khaadi,4,kameezshalwar_stitched,2021-09-15,female,1,"https://pk.khaadi.com/media/catalog/product/w/t/wtp21403_black_1.jpg?width=300&height=&canvas=300:&quality=80&bg-color=255,255,255&fit=bounds","https://pk.khaadi.com/media/catalog/product/w/t/wtp21403_black_1.jpg?width=300&height=&canvas=300:&quality=80&bg-color=255,255,255&fit=bounds",khaadi female kameezshalwar_stitched Blouse female,"PKR 2,490",https://pk.khaadi.com/wtp21403-black-wtp21403-black-pk.html,Good,"PKR 1,990",avb,Blouse
1,khaadi,4,kameezshalwar_stitched,2021-09-15,female,1,"https://pk.khaadi.com/media/catalog/product/w/t/wtp21404_multi_1_2.jpg?width=300&height=&canvas=300:&quality=80&bg-color=255,255,255&fit=bounds","https://pk.khaadi.com/media/catalog/product/w/t/wtp21404_multi_1_2.jpg?width=300&height=&canvas=300:&quality=80&bg-color=255,255,255&fit=bounds",khaadi female kameezshalwar_stitched Blouse female,"PKR 2,290",https://pk.khaadi.com/wtp21404-multi-wtp21404-multi-pk.html,Good,"PKR 1,830",avb,Blouse
1,khaadi,4,kameezshalwar_stitched,2021-09-15,female,1,"https://pk.khaadi.com/media/catalog/product/w/t/wtp21406_black_1_1.jpg?width=300&height=&canvas=300:&quality=80&bg-color=255,255,255&fit=bounds","https://pk.khaadi.com/media/catalog/product/w/t/wtp21406_black_1_1.jpg?width=300&height=&canvas=300:&quality=80&bg-color=255,255,255&fit=bounds",khaadi female kameezshalwar_stitched Blouse female,"PKR 2,290",https://pk.khaadi.com/wtp21406-black-wtp21406-black-pk.html,Good,"PKR 1,830",avb,Blouse
1,khaadi,4,kameezshalwar_stitched,2021-09-15,female,1,"https://pk.khaadi.com/media/catalog/product/k/d/kde20207_green_1_14.jpg?width=300&height=&canvas=300:&quality=80&bg-color=255,255,255&fit=bounds","https://pk.khaadi.com/media/catalog/product/k/d/kde20207_green_1_14.jpg?width=300&height=&canvas=300:&quality=80&bg-color=255,255,255&fit=bounds",khaadi female kameezshalwar_stitched Kurta Dupatta female,"PKR 6,990",https://pk.khaadi.com/kde20207-green-kde20207-green-pk.html,Good,"PKR 3,495",avb,Kurta Dupatta
1,khaadi,4,kameezshalwar_stitched,2021-09-15,female,1,"https://pk.khaadi.com/media/catalog/product/k/f/kfb20305_white_1_18.jpg?width=300&height=&canvas=300:&quality=80&bg-color=255,255,255&fit=bounds","https://pk.khaadi.com/media/catalog/product/k/f/kfb20305_white_1_18.jpg?width=300&height=&canvas=300:&quality=80&bg-color=255,255,255&fit=bounds",khaadi female kameezshalwar_stitched Khaas Shalwar female,"PKR 4,990",https://pk.khaadi.com/kfb20305-white-kfb20305-white-pk.html,Good,"PKR 2,495",avb,Khaas Shalwar
1,khaadi,4,kameezshalwar_stitched,2021-09-15,female,1,"https://pk.khaadi.com/media/catalog/product/w/t/wte21401_black_1.jpg?width=300&height=&canvas=300:&quality=80&bg-color=255,255,255&fit=bounds","https://pk.khaadi.com/media/catalog/product/w/t/wte21401_black_1.jpg?width=300&height=&canvas=300:&quality=80&bg-color=255,255,255&fit=bounds",khaadi female kameezshalwar_stitched Blouse female,"PKR 6,690",https://pk.khaadi.com/wte21401-black-wte21401-black-pk.html,Good,"PKR 5,350",avb,Blouse
1,khaadi,4,kameezshalwar_stitched,2021-09-15,female,1,"https://pk.khaadi.com/media/catalog/product/w/t/wte21403_red_1.jpg?width=300&height=&canvas=300:&quality=80&bg-color=255,255,255&fit=bounds","https://pk.khaadi.com/media/catalog/product/w/t/wte21403_red_1.jpg?width=300&height=&canvas=300:&quality=80&bg-color=255,255,255&fit=bounds",khaadi female kameezshalwar_stitched Blouse female,"PKR 3,890",https://pk.khaadi.com/wte21403-red-wte21403-red-pk.html,Good,"PKR 3,110",avb,Blouse
1,khaadi,4,kameezshalwar_stitched,2021-09-15,female,1,"https://pk.khaadi.com/media/catalog/product/w/t/wtp21403_black_1.jpg?width=300&height=&canvas=300:&quality=80&bg-color=255,255,255&fit=bounds","https://pk.khaadi.com/media/catalog/product/w/t/wtp21403_black_1.jpg?width=300&height=&canvas=300:&quality=80&bg-color=255,255,255&fit=bounds",khaadi female kameezshalwar_stitched Blouse female,"PKR 2,490",https://pk.khaadi.com/wtp21403-black-wtp21403-black-pk.html,Good,"PKR 1,990",avb,Blouse
1,khaadi,4,kameezshalwar_stitched,2021-09-15,female,1,"https://pk.khaadi.com/media/catalog/product/w/t/wtp21404_multi_1_2.jpg?width=300&height=&canvas=300:&quality=80&bg-color=255,255,255&fit=bounds","https://pk.khaadi.com/media/catalog/product/w/t/wtp21404_multi_1_2.jpg?width=300&height=&canvas=300:&quality=80&bg-color=255,255,255&fit=bounds",khaadi female kameezshalwar_stitched Blouse female,"PKR 2,290",https://pk.khaadi.com/wtp21404-multi-wtp21404-multi-pk.html,Good,"PKR 1,830",avb,Blouse
1,khaadi,4,kameezshalwar_stitched,2021-09-15,female,1,"https://pk.khaadi.com/media/catalog/product/w/t/wtp21406_black_1_1.jpg?width=300&height=&canvas=300:&quality=80&bg-color=255,255,255&fit=bounds","https://pk.khaadi.com/media/catalog/product/w/t/wtp21406_black_1_1.jpg?width=300&height=&canvas=300:&quality=80&bg-color=255,255,255&fit=bounds",khaadi female kameezshalwar_stitched Blouse female,"PKR 2,290",https://pk.khaadi.com/wtp21406-black-wtp21406-black-pk.html,Good,"PKR 1,830",avb,Blouse
1,khaadi,4,kameezshalwar_stitched,2021-09-15,female,1,"https://pk.khaadi.com/media/catalog/product/k/d/kde20207_green_1_14.jpg?width=300&height=&canvas=300:&quality=80&bg-color=255,255,255&fit=bounds","https://pk.khaadi.com/media/catalog/product/k/d/kde20207_green_1_14.jpg?width=300&height=&canvas=300:&quality=80&bg-color=255,255,255&fit=bounds",khaadi female kameezshalwar_stitched Kurta Dupatta female,"PKR 6,990",https://pk.khaadi.com/kde20207-green-kde20207-green-pk.html,Good,"PKR 3,495",avb,Kurta Dupatta
1,khaadi,4,kameezshalwar_stitched,2021-09-15,female,1,"https://pk.khaadi.com/media/catalog/product/k/f/kfb20305_white_1_18.jpg?width=300&height=&canvas=300:&quality=80&bg-color=255,255,255&fit=bounds","https://pk.khaadi.com/media/catalog/product/k/f/kfb20305_white_1_18.jpg?width=300&height=&canvas=300:&quality=80&bg-color=255,255,255&fit=bounds",khaadi female kameezshalwar_stitched Khaas Shalwar female,"PKR 4,990",https://pk.khaadi.com/kfb20305-white-kfb20305-white-pk.html,Good,"PKR 2,495",avb,Khaas Shalwar
1,khaadi,4,kameezshalwar_stitched,2021-09-15,female,1,"https://pk.khaadi.com/media/catalog/product/w/t/wte21401_black_1.jpg?width=300&height=&canvas=300:&quality=80&bg-color=255,255,255&fit=bounds","https://pk.khaadi.com/media/catalog/product/w/t/wte21401_black_1.jpg?width=300&height=&canvas=300:&quality=80&bg-color=255,255,255&fit=bounds",khaadi female kameezshalwar_stitched Blouse female,"PKR 6,690",https://pk.khaadi.com/wte21401-black-wte21401-black-pk.html,Good,"PKR 5,350",avb,Blouse
1,khaadi,4,kameezshalwar_stitched,2021-09-15,female,1,"https://pk.khaadi.com/media/catalog/product/w/t/wte21403_red_1.jpg?width=300&height=&canvas=300:&quality=80&bg-color=255,255,255&fit=bounds","https://pk.khaadi.com/media/catalog/product/w/t/wte21403_red_1.jpg?width=300&height=&canvas=300:&quality=80&bg-color=255,255,255&fit=bounds",khaadi female kameezshalwar_stitched Blouse female,"PKR 3,890",https://pk.khaadi.com/wte21403-red-wte21403-red-pk.html,Good,"PKR 3,110",avb,Blouse
1,khaadi,4,kameezshalwar_stitched,2021-09-15,female,1,"https://pk.khaadi.com/media/catalog/product/w/t/wtp21403_black_1.jpg?width=300&height=&canvas=300:&quality=80&bg-color=255,255,255&fit=bounds","https://pk.khaadi.com/media/catalog/product/w/t/wtp21403_black_1.jpg?width=300&height=&canvas=300:&quality=80&bg-color=255,255,255&fit=bounds",khaadi female kameezshalwar_stitched Blouse female,"PKR 2,490",https://pk.khaadi.com/wtp21403-black-wtp21403-black-pk.html,Good,"PKR 1,990",avb,Blouse
1,khaadi,4,kameezshalwar_stitched,2021-09-15,female,1,"https://pk.khaadi.com/media/catalog/product/w/t/wtp21404_multi_1_2.jpg?width=300&height=&canvas=300:&quality=80&bg-color=255,255,255&fit=bounds","https://pk.khaadi.com/media/catalog/product/w/t/wtp21404_multi_1_2.jpg?width=300&height=&canvas=300:&quality=80&bg-color=255,255,255&fit=bounds",khaadi female kameezshalwar_stitched Blouse female,"PKR 2,290",https://pk.khaadi.com/wtp21404-multi-wtp21404-multi-pk.html,Good,"PKR 1,830",avb,Blouse
1,khaadi,4,kameezshalwar_stitched,2021-09-15,female,1,"https://pk.khaadi.com/media/catalog/product/w/t/wtp21406_black_1_1.jpg?width=300&height=&canvas=300:&quality=80&bg-color=255,255,255&fit=bounds","https://pk.khaadi.com/media/catalog/product/w/t/wtp21406_black_1_1.jpg?width=300&height=&canvas=300:&quality=80&bg-color=255,255,255&fit=bounds",khaadi female kameezshalwar_stitched Blouse female,"PKR 2,290",https://pk.khaadi.com/wtp21406-black-wtp21406-black-pk.html,Good,"PKR 1,830",avb,Blouse
1,khaadi,4,kameezshalwar_stitched,2021-09-15,female,1,"https://pk.khaadi.com/media/catalog/product/k/d/kde20207_green_1_14.jpg?width=300&height=&canvas=300:&quality=80&bg-color=255,255,255&fit=bounds","https://pk.khaadi.com/media/catalog/product/k/d/kde20207_green_1_14.jpg?width=300&height=&canvas=300:&quality=80&bg-color=255,255,255&fit=bounds",khaadi female kameezshalwar_stitched Kurta Dupatta female,"PKR 6,990",https://pk.khaadi.com/kde20207-green-kde20207-green-pk.html,Good,"PKR 3,495",avb,Kurta Dupatta
1,khaadi,4,kameezshalwar_stitched,2021-09-15,female,1,"https://pk.khaadi.com/media/catalog/product/k/f/kfb20305_white_1_18.jpg?width=300&height=&canvas=300:&quality=80&bg-color=255,255,255&fit=bounds","https://pk.khaadi.com/media/catalog/product/k/f/kfb20305_white_1_18.jpg?width=300&height=&canvas=300:&quality=80&bg-color=255,255,255&fit=bounds",khaadi female kameezshalwar_stitched Khaas Shalwar female,"PKR 4,990",https://pk.khaadi.com/kfb20305-white-kfb20305-white-pk.html,Good,"PKR 2,495",avb,Khaas Shalwar
